,Customer_ID,Gender,Age,Married,State,Number_of_Referrals,Tenure_in_Months,Value_Deal,Phone_Service,Multiple_Lines,Internet_Service,Internet_Type,Online_Security,Online_Backup,Device_Protection_Plan,Premium_Support,Streaming_TV,Streaming_Movies,Streaming_Music,Unlimited_Data,Contract,Paperless_Billing,Payment_Method,Monthly_Charge,Total_Charges,Total_Refunds,Total_Extra_Data_Charges,Total_Long_Distance_Charges,Total_Revenue,Customer_Status,Churn_Category,Churn_Reason,Customer_Status_Predicted
0,93520-GUJ,Female,67,False,Gujarat,13,19,Deal 5,True,1,True,Fiber Optic,0,0,0,0,0,0,0,1,One Year,True,Bank Withdrawal,72.0999984741211,72.0999984741211,0.0,0,7.769999980926514,79.87000274658203,Joined,Others,Others,1
1,57256-BIH,Female,18,False,Bihar,9,7,,True,0,False,,No,No,No,No,No,No,No,No,Month-to-Month,False,Credit Card,19.850000381469727,57.20000076293945,0.0,0,9.359999656677246,66.55999755859375,Joined,Others,Others,1
2,72357-MAD,Female,53,False,Madhya Pradesh,14,12,Deal 5,True,0,True,DSL,0,0,0,0,0,0,0,1,Month-to-Month,True,Credit Card,44.29999923706055,44.29999923706055,0.0,0,42.95000076293945,87.25,Joined,Others,Others,1
3,66612-KAR,Female,58,True,Karnataka,11,18,,True,0,False,,No,No,No,No,No,No,No,No,Month-to-Month,False,Credit Card,19.950000762939453,58.0,0.0,0,8.069999694824219,66.06999969482422,Joined,Others,Others,1
4,22119-WES,Male,31,True,West Bengal,5,5,,True,0,False,,No,No,No,No,No,No,No,No,Month-to-Month,False,Credit Card,20.049999237060547,33.70000076293945,0.0,0,3.619999885559082,37.31999969482422,Joined,Others,Others,1
5,79168-UTT,Female,78,False,Uttar Pradesh,2,10,Deal 5,True,0,True,Cable,0,0,0,0,0,0,0,1,One Year,True,Bank Withdrawal,44.29999923706055,89.30000305175781,0.0,0,47.81999969482422,137.1199951171875,Joined,Others,Others,1
6,66712-GUJ,Female,47,True,Gujarat,6,33,Deal 5,True,0,True,Fiber Optic,0,1,0,0,0,1,1,1,Month-to-Month,False,Bank Withdrawal,84.30000305175781,235.0500030517578,0.0,0,41.15999984741211,276.2099914550781,Joined,Others,Others,1
7,53815-BIH,Female,36,False,Bihar,2,4,,True,0,False,,No,No,No,No,No,No,No,No,Month-to-Month,False,Credit Card,19.700000762939453,19.700000762939453,0.0,0,34.279998779296875,53.97999954223633,Joined,Others,Others,1
8,34110-MAH,Female,20,True,Maharashtra,6,3,,True,1,True,Cable,0,0,0,0,0,0,0,1,Month-to-Month,True,Bank Withdrawal,50.099998474121094,50.099998474121094,0.0,0,29.1299991607666,79.2300033569336,Joined,Others,Others,1
9,12056-WES,Male,27,False,West Bengal,2,20,,True,0,True,Fiber Optic,0,1,1,0,0,1,1,1,Month-to-Month,False,Bank Withdrawal,90.4000015258789,268.45001220703125,0.0,0,94.44000244140625,362.8900146484375,Joined,Others,Others,1
10,82129-JHA,Female,26,False,Jharkhand,9,8,Deal 5,True,0,True,DSL,0,1,0,0,1,0,0,1,Month-to-Month,True,Credit Card,58.70000076293945,168.60000610351562,0.0,0,34.40999984741211,203.00999450683594,Joined,Others,Others,1
12,39764-UTT,Female,39,True,Uttar Pradesh,5,14,,True,0,False,,No,No,No,No,No,No,No,No,Month-to-Month,False,Credit Card,19.350000381469727,46.349998474121094,0.0,0,88.68000030517578,135.02999877929688,Joined,Others,Others,1
13,29626-WES,Male,67,False,West Bengal,10,22,Deal 5,True,0,True,DSL,1,0,0,0,0,0,0,0,Month-to-Month,False,Bank Withdrawal,50.150001525878906,50.150001525878906,0.0,50,38.33000183105469,138.47999572753906,Joined,Others,Others,1
14,47133-ODI,Female,60,True,Odisha,15,8,,True,0,True,Cable,0,0,0,0,0,0,0,1,Month-to-Month,False,Bank Withdrawal,44.599998474121094,122.69999694824219,0.0,0,46.77000045776367,169.47000122070312,Joined,Others,Others,1
15,62842-HAR,Male,33,True,Haryana,11,25,,True,0,False,,No,No,No,No,No,No,No,No,Month-to-Month,False,Credit Card,19.299999237060547,44.400001525878906,0.0,0,99.81999969482422,144.22000122070312,Joined,Others,Others,1
16,21288-MAH,Female,63,False,Maharashtra,12,34,,True,1,True,DSL,0,0,0,0,1,0,0,0,Month-to-Month,True,Bank Withdrawal,60.25,170.5,0.0,70,60.29999923706055,300.79998779296875,Joined,Others,Others,1
17,83994-DEL,Male,48,True,Delhi,8,24,,True,0,True,Fiber Optic,0,0,0,0,1,1,1,1,Month-to-Month,False,Credit Card,90.69999694824219,237.64999389648438,0.0,0,16.170000076293945,253.82000732421875,Joined,Others,Others,1
18,24754-AND,Female,63,True,Andhra Pradesh,0,28,,True,0,True,Fiber Optic,0,0,0,0,0,0,0,1,Month-to-Month,True,Bank Withdrawal,69.55000305175781,200.1999969482422,33.79999923706055,0,5.010000228881836,171.41000366210938,Joined,Others,Others,1
20,24990-WES,Female,36,False,West Bengal,8,24,,True,0,True,Fiber Optic,0,0,0,0,0,0,0,1,Month-to-Month,True,Bank Withdrawal,71.6500015258789,135.75,0.0,0,58.060001373291016,193.80999755859375,Joined,Others,Others,1
21,26500-GUJ,Female,62,True,Gujarat,3,19,Deal 5,True,0,True,Cable,1,0,0,0,0,1,1,1,Month-to-Month,True,Mailed Check,62.150001525878906,113.0999984741211,0.0,0,96.77999877929688,209.8800048828125,Joined,Others,Others,1
22,17796-BIH,Female,65,False,Bihar,5,1,,True,0,True,Cable,1,0,0,0,0,0,0,1,Month-to-Month,True,Bank Withdrawal,48.45000076293945,48.45000076293945,0.0,0,16.420000076293945,64.87000274658203,Joined,Others,Others,1
23,21956-JHA,Female,59,True,Jharkhand,10,8,,True,0,True,Fiber Optic,1,0,0,1,0,0,0,0,Month-to-Month,True,Credit Card,82.30000305175781,214.39999389648438,0.0,20,134.91000366210938,369.30999755859375,Joined,Others,Others,1
24,92198-DEL,Female,44,True,Delhi,8,15,Deal 5,True,0,False,,No,No,No,No,No,No,No,No,Month-to-Month,True,Credit Card,20.25,20.25,0.0,0,28.18000030517578,48.43000030517578,Joined,Others,Others,1
25,79905-UTT,Female,24,False,Uttar Pradesh,0,12,,True,0,False,,No,No,No,No,No,No,No,No,Month-to-Month,False,Credit Card,20.450000762939453,20.450000762939453,0.0,0,30.09000015258789,50.540000915527344,Joined,Others,Others,1
26,71509-HAR,Female,40,False,Haryana,3,27,,True,0,True,DSL,0,0,0,0,1,0,0,1,Month-to-Month,True,Bank Withdrawal,54.650001525878906,54.650001525878906,0.0,0,36.33000183105469,90.9800033569336,Joined,Others,Others,1
27,62535-AND,Male,42,False,Andhra Pradesh,8,22,Deal 5,True,0,True,Cable,0,0,0,1,1,1,1,1,Month-to-Month,False,Credit Card,70.69999694824219,225.64999389648438,0.0,0,75.12000274658203,300.7699890136719,Joined,Others,Others,1
28,45978-GUJ,Female,38,True,Gujarat,2,19,,True,0,False,,No,No,No,No,No,No,No,No,Month-to-Month,False,Credit Card,20.75,44.20000076293945,0.0,0,55.34000015258789,99.54000091552734,Joined,Others,Others,1
29,91835-GUJ,Male,21,True,Gujarat,12,5,,True,0,True,Cable,0,0,1,1,1,1,1,1,Month-to-Month,True,Bank Withdrawal,75.5,75.5,0.0,0,5.630000114440918,81.12999725341797,Joined,Others,Others,1
30,98788-TAM,Male,58,True,Tamil Nadu,4,16,Deal 5,True,0,False,,No,No,No,No,No,No,No,No,Month-to-Month,True,Mailed Check,20.049999237060547,39.25,0.0,0,13.699999809265137,52.95000076293945,Joined,Others,Others,1
31,48018-RAJ,Male,39,False,Rajasthan,1,14,,True,0,False,,No,No,No,No,No,No,No,No,Month-to-Month,False,Credit Card,19.549999237060547,19.549999237060547,0.0,0,30.6299991607666,50.18000030517578,Joined,Others,Others,1
32,31601-DEL,Female,31,True,Delhi,2,10,,True,0,False,,No,No,No,No,No,No,No,No,Month-to-Month,False,Credit Card,19.649999618530273,19.649999618530273,0.0,0,42.41999816894531,62.06999969482422,Joined,Others,Others,1
33,74651-WES,Female,30,True,West Bengal,7,23,,False,No,True,DSL,0,1,0,0,0,0,0,1,Month-to-Month,False,Credit Card,29.200000762939453,98.5,0.0,0,0.0,98.5,Joined,Others,Others,1
34,42358-BIH,Female,53,False,Bihar,9,35,,True,0,True,DSL,0,0,0,0,1,0,0,1,Month-to-Month,True,Bank Withdrawal,54.20000076293945,140.39999389648438,0.0,0,124.13999938964844,264.5400085449219,Joined,Others,Others,1
35,71564-KAR,Female,48,False,Karnataka,6,5,,True,0,False,,No,No,No,No,No,No,No,No,Month-to-Month,False,Credit Card,19.049999237060547,19.049999237060547,0.0,0,5.019999980926514,24.06999969482422,Joined,Others,Others,1
36,22137-KAR,Female,51,False,Karnataka,4,28,,True,0,False,,No,No,No,No,No,No,No,No,One Year,False,Credit Card,19.850000381469727,19.850000381469727,0.0,0,47.459999084472656,67.30999755859375,Joined,Others,Others,1
37,44709-WES,Female,72,True,West Bengal,7,17,,False,No,True,DSL,0,1,0,0,0,0,0,1,Month-to-Month,True,Bank Withdrawal,30.75,82.8499984741211,0.0,0,0.0,82.8499984741211,Joined,Others,Others,1
38,27856-UTT,Female,33,True,Uttar Pradesh,1,32,Deal 5,True,0,False,,No,No,No,No,No,No,No,No,Month-to-Month,True,Bank Withdrawal,19.25,19.25,0.0,0,9.4399995803833,28.690000534057617,Joined,Others,Others,1
39,26567-UTT,Female,67,True,Uttar Pradesh,1,35,,True,0,False,,No,No,No,No,No,No,No,No,Two Year,False,Credit Card,20.350000381469727,20.350000381469727,0.0,0,30.09000015258789,50.439998626708984,Joined,Others,Others,1
40,27465-JAM,Female,50,False,Jammu & Kashmir,10,30,,True,0,False,,No,No,No,No,No,No,No,No,Month-to-Month,False,Credit Card,19.850000381469727,19.850000381469727,0.0,0,16.469999313354492,36.31999969482422,Joined,Others,Others,1
41,54195-MAH,Female,61,True,Maharashtra,11,23,,True,0,False,,No,No,No,No,No,No,No,No,Month-to-Month,False,Bank Withdrawal,19.75,19.75,0.0,0,37.619998931884766,57.369998931884766,Joined,Others,Others,1
43,38748-AND,Female,22,True,Andhra Pradesh,13,6,,True,0,False,,No,No,No,No,No,No,No,No,Month-to-Month,False,Bank Withdrawal,19.649999618530273,19.649999618530273,0.0,0,27.8799991607666,47.529998779296875,Joined,Others,Others,1
44,78918-BIH,Female,59,False,Bihar,12,11,Deal 5,True,0,True,Fiber Optic,1,0,0,0,0,1,1,1,Month-to-Month,True,Credit Card,86.05000305175781,244.85000610351562,0.0,0,54.779998779296875,299.6300048828125,Joined,Others,Others,1
46,26902-TEL,Male,52,True,Telangana,7,2,,True,0,True,Fiber Optic,0,0,0,1,1,1,1,1,Month-to-Month,True,Bank Withdrawal,95.8499984741211,95.8499984741211,0.0,0,2.700000047683716,98.55000305175781,Joined,Others,Others,1
47,97497-RAJ,Male,24,True,Rajasthan,9,8,Deal 5,True,0,True,DSL,0,1,0,0,0,0,0,1,Month-to-Month,True,Bank Withdrawal,49.900001525878906,49.900001525878906,0.0,0,6.349999904632568,56.25,Joined,Others,Others,1
49,32063-UTT,Female,63,True,Uttar Pradesh,6,31,Deal 5,True,0,False,,No,No,No,No,No,No,No,No,Month-to-Month,True,Credit Card,19.0,19.0,0.0,0,28.280000686645508,47.279998779296875,Joined,Others,Others,1
50,84843-MAD,Female,57,True,Madhya Pradesh,11,8,,True,1,True,Fiber Optic,0,0,0,0,0,0,0,1,Month-to-Month,True,Bank Withdrawal,75.0999984741211,75.0999984741211,0.0,0,4.53000020980835,79.62999725341797,Joined,Others,Others,1
51,43920-RAJ,Female,38,False,Rajasthan,9,3,Deal 5,True,0,True,Cable,1,0,0,0,0,0,0,1,Month-to-Month,False,Credit Card,49.900001525878906,49.900001525878906,0.0,0,9.0,58.900001525878906,Joined,Others,Others,1
53,48939-BIH,Female,38,True,Bihar,1,6,,True,0,True,DSL,0,1,0,0,0,0,0,1,Month-to-Month,False,Bank Withdrawal,49.95000076293945,49.95000076293945,0.0,0,44.97999954223633,94.93000030517578,Joined,Others,Others,1
54,67882-UTT,Female,44,False,Uttar Pradesh,3,16,Deal 5,True,0,True,DSL,0,0,0,0,0,0,0,1,Month-to-Month,False,Bank Withdrawal,43.79999923706055,43.79999923706055,0.0,0,37.5,81.30000305175781,Joined,Others,Others,1
55,18015-ODI,Female,28,True,Odisha,15,9,,True,0,True,DSL,0,0,0,1,0,0,0,1,Month-to-Month,True,Bank Withdrawal,49.900001525878906,49.900001525878906,0.0,0,14.930000305175781,64.83000183105469,Joined,Others,Others,1
56,12257-ASS,Female,39,False,Assam,9,1,,True,0,False,,No,No,No,No,No,No,No,No,Month-to-Month,True,Credit Card,19.549999237060547,19.549999237060547,0.0,0,10.199999809265137,29.75,Joined,Others,Others,1
57,78253-GUJ,Male,63,False,Gujarat,13,30,,True,0,True,Fiber Optic,0,1,0,0,0,1,1,1,Month-to-Month,True,Bank Withdrawal,85.0,85.0,0.0,0,15.199999809265137,100.19999694824219,Joined,Others,Others,1
58,66868-HAR,Female,25,True,Haryana,13,10,,True,0,True,Fiber Optic,0,0,0,0,0,0,0,0,Month-to-Month,True,Bank Withdrawal,70.25,70.25,0.0,10,10.050000190734863,90.30000305175781,Joined,Others,Others,1
59,33776-BIH,Male,32,True,Bihar,6,10,,True,0,False,,No,No,No,No,No,No,No,No,Month-to-Month,False,Credit Card,19.200000762939453,19.200000762939453,0.0,0,35.880001068115234,55.08000183105469,Joined,Others,Others,1
60,16931-BIH,Female,39,True,Bihar,8,23,Deal 5,True,0,False,,No,No,No,No,No,No,No,No,Month-to-Month,True,Credit Card,19.299999237060547,19.299999237060547,0.0,0,8.65999984741211,27.959999084472656,Joined,Others,Others,1
61,74518-ODI,Female,27,False,Odisha,13,13,Deal 5,True,0,True,DSL,0,0,0,0,0,0,0,1,Month-to-Month,False,Bank Withdrawal,44.45000076293945,82.69999694824219,0.0,0,37.400001525878906,120.0999984741211,Joined,Others,Others,1
62,83486-MAH,Male,34,False,Maharashtra,5,4,Deal 5,True,0,True,Fiber Optic,0,0,1,0,0,0,0,1,Month-to-Month,False,Credit Card,75.3499984741211,75.3499984741211,0.0,0,38.88999938964844,114.23999786376953,Joined,Others,Others,1
63,38663-UTT,Male,42,False,Uttar Pradesh,7,15,Deal 5,True,0,False,,No,No,No,No,No,No,No,No,Month-to-Month,False,Credit Card,20.299999237060547,40.25,0.0,0,14.539999961853027,54.790000915527344,Joined,Others,Others,1
64,44655-TEL,Male,41,True,Telangana,0,25,,True,0,True,DSL,0,0,0,1,0,0,0,1,Month-to-Month,True,Mailed Check,50.5,147.75,0.0,0,79.13999938964844,226.88999938964844,Joined,Others,Others,1
65,11751-TAM,Female,18,False,Tamil Nadu,5,7,Deal 5,False,No,True,DSL,0,0,0,0,0,0,0,1,Month-to-Month,False,Mailed Check,24.299999237060547,38.45000076293945,0.0,0,0.0,38.45000076293945,Joined,Others,Others,1
66,45213-AND,Female,25,True,Andhra Pradesh,15,5,Deal 5,True,0,True,Cable,1,0,0,0,0,1,1,1,Month-to-Month,True,Credit Card,61.20000076293945,125.94999694824219,0.0,0,64.12000274658203,190.07000732421875,Joined,Others,Others,1
67,21165-DEL,Female,38,False,Delhi,2,32,Deal 5,True,0,False,,No,No,No,No,No,No,No,No,Month-to-Month,False,Credit Card,19.950000762939453,38.150001525878906,0.0,0,69.13999938964844,107.29000091552734,Joined,Others,Others,1
68,83113-GUJ,Male,35,False,Gujarat,8,30,,False,No,True,DSL,0,0,0,1,0,0,0,1,Month-to-Month,False,Credit Card,29.149999618530273,29.149999618530273,0.0,0,0.0,29.149999618530273,Joined,Others,Others,1
69,34319-UTT,Male,40,True,Uttar Pradesh,12,25,Deal 5,True,0,True,DSL,0,1,0,0,0,0,0,1,Month-to-Month,True,Credit Card,50.150001525878906,50.150001525878906,0.0,0,20.299999237060547,70.44999694824219,Joined,Others,Others,1
70,73044-KAR,Male,23,True,Karnataka,15,5,,True,0,True,Fiber Optic,0,1,0,0,0,0,0,1,Month-to-Month,False,Credit Card,74.5999984741211,74.5999984741211,0.0,0,42.9900016784668,117.58999633789062,Joined,Others,Others,1
71,71689-PUN,Female,42,True,Punjab,3,19,,True,0,True,DSL,0,0,0,0,0,0,0,1,Month-to-Month,False,Credit Card,43.95000076293945,43.95000076293945,0.0,0,45.59000015258789,89.54000091552734,Joined,Others,Others,1
72,78885-TAM,Female,43,False,Tamil Nadu,2,5,Deal 5,True,0,False,,No,No,No,No,No,No,No,No,Month-to-Month,False,Credit Card,19.5,19.5,0.0,0,20.110000610351562,39.61000061035156,Joined,Others,Others,1
73,65987-TAM,Male,52,True,Tamil Nadu,9,34,Deal 5,True,1,True,DSL,1,1,0,0,0,0,0,1,Month-to-Month,False,Bank Withdrawal,61.150001525878906,61.150001525878906,0.0,0,17.06999969482422,78.22000122070312,Joined,Others,Others,1
74,94070-JAM,Female,21,True,Jammu & Kashmir,8,3,,True,0,True,Fiber Optic,0,0,0,0,1,1,1,1,Month-to-Month,True,Bank Withdrawal,90.0999984741211,90.0999984741211,0.0,0,24.329999923706055,114.43000030517578,Joined,Others,Others,1
75,85031-RAJ,Female,60,False,Rajasthan,1,4,Deal 5,True,0,True,DSL,0,0,0,0,0,0,0,1,Month-to-Month,False,Bank Withdrawal,44.0,44.0,0.0,0,13.399999618530273,57.400001525878906,Joined,Others,Others,1
76,72469-MAD,Male,56,False,Madhya Pradesh,9,9,,True,0,True,Cable,1,0,1,0,0,0,0,1,Month-to-Month,False,Credit Card,55.70000076293945,55.70000076293945,0.0,0,17.68000030517578,73.37999725341797,Joined,Others,Others,1
77,46792-MAD,Female,59,True,Madhya Pradesh,6,25,Deal 5,False,No,True,DSL,0,0,1,1,0,0,0,1,Month-to-Month,False,Credit Card,35.900001525878906,35.900001525878906,0.0,0,0.0,35.900001525878906,Joined,Others,Others,1
78,28873-TAM,Male,55,False,Tamil Nadu,7,4,,True,0,True,Fiber Optic,0,1,0,0,0,0,0,1,Month-to-Month,False,Bank Withdrawal,74.94999694824219,151.75,0.0,0,7.519999980926514,159.27000427246094,Joined,Others,Others,1
79,95748-UTT,Male,22,True,Uttar Pradesh,5,4,Deal 5,True,1,False,,No,No,No,No,No,No,No,No,Month-to-Month,False,Mailed Check,25.399999618530273,25.399999618530273,0.0,0,32.72999954223633,58.130001068115234,Joined,Others,Others,1
80,23683-TEL,Male,26,False,Telangana,10,16,,True,0,False,,No,No,No,No,No,No,No,No,Month-to-Month,True,Credit Card,20.25,20.25,0.0,0,42.959999084472656,63.209999084472656,Joined,Others,Others,1
81,84789-PUN,Male,46,False,Punjab,9,19,Deal 5,True,0,True,Fiber Optic,0,1,1,1,1,1,1,1,Month-to-Month,True,Bank Withdrawal,107.94999694824219,318.6000061035156,0.0,0,37.97999954223633,356.5799865722656,Joined,Others,Others,1
82,84508-TAM,Female,28,True,Tamil Nadu,11,28,,True,0,False,,No,No,No,No,No,No,No,No,Month-to-Month,False,Credit Card,21.100000381469727,21.100000381469727,0.0,0,18.809999465942383,39.90999984741211,Joined,Others,Others,1
83,98301-WES,Male,28,True,West Bengal,4,27,,True,0,True,Cable,1,0,1,0,0,0,0,1,Month-to-Month,False,Bank Withdrawal,53.45000076293945,119.5,0.0,0,25.18000030517578,144.67999267578125,Joined,Others,Others,1
84,16068-BIH,Female,44,True,Bihar,4,25,Deal 5,False,No,True,DSL,0,0,0,0,0,0,0,0,Month-to-Month,False,Bank Withdrawal,25.25,25.25,0.0,10,0.0,35.25,Joined,Others,Others,1
85,42768-TAM,Female,45,False,Tamil Nadu,13,14,,True,0,False,,No,No,No,No,No,No,No,No,Month-to-Month,False,Credit Card,19.399999618530273,19.399999618530273,0.0,0,2.8499999046325684,22.25,Joined,Others,Others,1
86,46619-RAJ,Male,25,False,Rajasthan,1,14,,True,0,False,,No,No,No,No,No,No,No,No,One Year,False,Credit Card,20.399999618530273,20.399999618530273,0.0,0,27.5,47.900001525878906,Joined,Others,Others,1
87,84613-BIH,Female,30,False,Bihar,8,22,Deal 5,True,1,True,Fiber Optic,0,1,0,0,0,0,0,0,Month-to-Month,True,Credit Card,79.1500015258789,79.1500015258789,0.0,60,18.0,157.14999389648438,Joined,Others,Others,1
88,91320-PUD,Female,58,False,Puducherry,0,18,,True,0,True,Fiber Optic,0,0,0,0,0,0,0,1,Month-to-Month,False,Bank Withdrawal,70.0999984741211,70.0999984741211,0.0,0,1.149999976158142,71.25,Joined,Others,Others,1
89,39540-BIH,Female,34,False,Bihar,12,13,,True,0,True,Cable,0,0,0,1,0,0,0,1,Month-to-Month,False,Credit Card,49.04999923706055,49.04999923706055,0.0,0,25.770000457763672,74.81999969482422,Joined,Others,Others,1
90,19539-PUN,Female,37,True,Punjab,14,8,Deal 5,True,0,True,DSL,0,0,0,0,0,0,0,1,Month-to-Month,True,Credit Card,45.400001525878906,45.400001525878906,0.0,0,49.33000183105469,94.7300033569336,Joined,Others,Others,1
91,23256-HAR,Female,32,True,Haryana,10,31,Deal 5,True,0,False,,No,No,No,No,No,No,No,No,Month-to-Month,False,Bank Withdrawal,19.850000381469727,52.0,0.0,0,72.0999984741211,124.0999984741211,Joined,Others,Others,1
92,66164-CHH,Female,62,False,Chhattisgarh,13,20,,True,0,False,,No,No,No,No,No,No,No,No,Month-to-Month,False,Credit Card,19.399999618530273,61.04999923706055,0.0,0,13.300000190734863,74.3499984741211,Joined,Others,Others,1
93,45038-BIH,Female,25,True,Bihar,7,14,,True,0,True,Fiber Optic,1,0,0,0,0,0,0,1,Month-to-Month,True,Bank Withdrawal,74.55000305175781,233.64999389648438,0.0,0,30.299999237060547,263.95001220703125,Joined,Others,Others,1
94,58974-MAD,Male,34,False,Madhya Pradesh,11,14,,True,0,False,,No,No,No,No,No,No,No,No,Month-to-Month,False,Credit Card,20.299999237060547,41.20000076293945,0.0,0,25.360000610351562,66.55999755859375,Joined,Others,Others,1
95,94243-TAM,Female,34,False,Tamil Nadu,5,15,,True,0,False,,No,No,No,No,No,No,No,No,Month-to-Month,True,Credit Card,19.899999618530273,19.899999618530273,0.0,0,7.760000228881836,27.65999984741211,Joined,Others,Others,1
96,92398-AND,Male,35,False,Andhra Pradesh,5,12,Deal 5,True,0,False,,No,No,No,No,No,No,No,No,Month-to-Month,True,Credit Card,20.0,61.70000076293945,0.0,0,46.11000061035156,107.80999755859375,Joined,Others,Others,1
97,84535-TAM,Male,46,False,Tamil Nadu,2,36,,True,0,False,,No,No,No,No,No,No,No,No,Month-to-Month,False,Mailed Check,20.399999618530273,42.900001525878906,0.0,0,99.05999755859375,141.9600067138672,Joined,Others,Others,1
98,72971-TAM,Female,81,False,Tamil Nadu,6,8,,True,0,True,Fiber Optic,0,0,0,1,0,0,0,1,One Year,False,Bank Withdrawal,74.69999694824219,74.69999694824219,0.0,0,27.649999618530273,102.3499984741211,Joined,Others,Others,1
99,56554-RAJ,Female,29,True,Rajasthan,0,11,Deal 5,True,0,False,,No,No,No,No,No,No,No,No,Month-to-Month,True,Credit Card,19.75,19.75,0.0,0,10.220000267028809,29.969999313354492,Joined,Others,Others,1
100,86362-ASS,Female,35,True,Assam,15,11,,True,0,True,Fiber Optic,0,0,0,1,0,0,0,1,Month-to-Month,True,Mailed Check,74.30000305175781,74.30000305175781,0.0,0,39.54999923706055,113.8499984741211,Joined,Others,Others,1
101,64327-AND,Female,59,True,Andhra Pradesh,8,9,,True,0,False,,No,No,No,No,No,No,No,No,Month-to-Month,True,Credit Card,20.649999618530273,20.649999618530273,0.0,0,35.2400016784668,55.88999938964844,Joined,Others,Others,1
102,84687-PUN,Female,31,False,Punjab,0,18,Deal 5,False,No,True,Cable,0,0,0,0,0,0,0,0,Month-to-Month,False,Credit Card,24.700000762939453,24.700000762939453,0.0,70,0.0,94.69999694824219,Joined,Others,Others,1
103,28239-UTT,Female,55,True,Uttar Pradesh,0,5,,True,0,False,,No,No,No,No,No,No,No,No,Month-to-Month,False,Credit Card,19.950000762939453,19.950000762939453,0.0,0,38.84000015258789,58.790000915527344,Joined,Others,Others,1
105,42574-ASS,Female,25,False,Assam,5,3,,True,0,False,,No,No,No,No,No,No,No,No,Month-to-Month,False,Credit Card,19.549999237060547,19.549999237060547,0.0,0,8.229999542236328,27.780000686645508,Joined,Others,Others,1
106,71261-TAM,Female,59,False,Tamil Nadu,2,27,,True,0,True,Cable,1,1,0,1,0,1,1,1,Month-to-Month,True,Bank Withdrawal,70.44999694824219,70.44999694824219,0.0,0,20.100000381469727,90.55000305175781,Joined,Others,Others,1
107,14567-TAM,Male,43,False,Tamil Nadu,1,9,,True,0,False,,No,No,No,No,No,No,No,No,Month-to-Month,False,Credit Card,20.350000381469727,20.350000381469727,0.0,0,44.09000015258789,64.44000244140625,Joined,Others,Others,1
108,77688-TAM,Male,35,False,Tamil Nadu,4,13,,True,0,True,DSL,0,0,0,1,0,0,0,1,Month-to-Month,False,Credit Card,49.0,49.0,0.0,0,49.189998626708984,98.19000244140625,Joined,Others,Others,1
110,13058-MAD,Female,58,False,Madhya Pradesh,13,22,,True,0,True,DSL,0,0,0,0,0,0,0,1,Month-to-Month,True,Mailed Check,46.099998474121094,130.14999389648438,0.0,0,7.980000019073486,138.1300048828125,Joined,Others,Others,1
111,23729-UTT,Female,58,False,Uttar Pradesh,14,19,Deal 5,True,0,False,,No,No,No,No,No,No,No,No,Month-to-Month,True,Credit Card,19.649999618530273,38.79999923706055,0.0,0,19.219999313354492,58.02000045776367,Joined,Others,Others,1
112,12136-RAJ,Female,25,True,Rajasthan,2,35,,True,0,False,,No,No,No,No,No,No,No,No,Month-to-Month,False,Bank Withdrawal,19.899999618530273,19.899999618530273,0.0,0,11.829999923706055,31.729999542236328,Joined,Others,Others,1
113,35658-JHA,Male,35,False,Jharkhand,2,16,,True,0,False,,No,No,No,No,No,No,No,No,Month-to-Month,False,Mailed Check,20.450000762939453,20.450000762939453,0.0,0,39.61000061035156,60.060001373291016,Joined,Others,Others,1
114,63487-MAH,Female,36,True,Maharashtra,8,34,,True,0,True,Cable,0,0,0,0,0,0,0,1,Month-to-Month,False,Credit Card,44.75,44.75,0.0,0,40.869998931884766,85.62000274658203,Joined,Others,Others,1
115,86289-UTT,Male,27,False,Uttar Pradesh,4,27,,True,0,False,,No,No,No,No,No,No,No,No,Month-to-Month,False,Credit Card,20.299999237060547,20.299999237060547,0.0,0,29.190000534057617,49.4900016784668,Joined,Others,Others,1
116,32586-UTT,Female,25,False,Uttar Pradesh,15,10,,True,1,False,,No,No,No,No,No,No,No,No,Month-to-Month,True,Credit Card,-8.0,25.75,0.0,0,15.220000267028809,40.970001220703125,Joined,Others,Others,1
117,66749-KER,Female,47,False,Kerala,9,5,,True,0,False,,No,No,No,No,No,No,No,No,Month-to-Month,False,Credit Card,20.75,20.75,0.0,0,36.279998779296875,57.029998779296875,Joined,Others,Others,1
119,53295-WES,Female,35,False,West Bengal,7,33,Deal 5,True,1,False,,No,No,No,No,No,No,No,No,Month-to-Month,True,Bank Withdrawal,25.700000762939453,25.700000762939453,0.0,0,43.84000015258789,69.54000091552734,Joined,Others,Others,1
120,15349-UTT,Male,47,True,Uttar Pradesh,9,12,Deal 5,True,1,True,DSL,0,0,0,0,0,0,0,1,Month-to-Month,True,Bank Withdrawal,50.150001525878906,50.150001525878906,0.0,0,39.869998931884766,90.0199966430664,Joined,Others,Others,1
121,28281-KAR,Male,56,True,Karnataka,8,32,Deal 5,True,0,True,Fiber Optic,0,0,0,0,0,1,1,1,Month-to-Month,True,Bank Withdrawal,80.3499984741211,253.8000030517578,0.0,0,148.88999938964844,402.69000244140625,Joined,Others,Others,1
122,88111-MAH,Female,52,True,Maharashtra,15,32,,True,0,True,Fiber Optic,1,1,0,1,0,0,0,1,Month-to-Month,True,Credit Card,83.4000015258789,83.4000015258789,0.0,0,43.060001373291016,126.45999908447266,Joined,Others,Others,1
124,12490-TEL,Female,52,False,Telangana,9,6,,True,0,True,Fiber Optic,0,0,1,0,0,0,0,1,Month-to-Month,True,Mailed Check,74.75,238.10000610351562,38.84000015258789,0,37.5,236.75999450683594,Joined,Others,Others,1
125,34024-AND,Female,45,True,Andhra Pradesh,4,21,,True,0,False,,No,No,No,No,No,No,No,No,Month-to-Month,False,Credit Card,20.049999237060547,20.049999237060547,0.0,0,7.659999847412109,27.709999084472656,Joined,Others,Others,1
126,71752-TEL,Female,51,False,Telangana,4,2,Deal 5,True,0,False,,No,No,No,No,No,No,No,No,Month-to-Month,False,Bank Withdrawal,19.899999618530273,57.400001525878906,0.0,0,53.79999923706055,111.19999694824219,Joined,Others,Others,1
127,62968-UTT,Female,18,False,Uttar Pradesh,4,3,,True,0,True,Cable,0,0,0,1,0,1,1,1,Month-to-Month,True,Credit Card,59.54999923706055,59.54999923706055,0.0,0,41.38999938964844,100.94000244140625,Joined,Others,Others,1
128,68826-MAH,Male,48,False,Maharashtra,14,1,,False,No,True,Cable,0,0,0,0,0,0,0,0,Month-to-Month,True,Bank Withdrawal,24.700000762939453,24.700000762939453,0.0,0,0.0,24.700000762939453,Joined,Others,Others,1
129,36017-TAM,Female,52,True,Tamil Nadu,15,23,,True,0,False,,No,No,No,No,No,No,No,No,Month-to-Month,False,Credit Card,19.549999237060547,19.549999237060547,0.0,0,40.630001068115234,60.18000030517578,Joined,Others,Others,1
131,32563-KAR,Female,34,True,Karnataka,3,22,,True,0,True,Fiber Optic,0,0,0,0,0,0,0,0,Month-to-Month,True,Bank Withdrawal,69.80000305175781,146.64999389648438,0.0,10,22.3799991607666,179.02999877929688,Joined,Others,Others,1
132,36284-ODI,Male,43,True,Odisha,4,13,,True,0,True,DSL,0,0,0,0,0,0,0,1,Month-to-Month,False,Bank Withdrawal,44.54999923706055,44.54999923706055,0.0,0,41.099998474121094,85.6500015258789,Joined,Others,Others,1
133,46378-MAH,Female,59,True,Maharashtra,15,10,,True,0,True,Fiber Optic,0,0,0,0,0,0,0,1,Month-to-Month,True,Credit Card,70.4000015258789,154.8000030517578,0.0,0,14.979999542236328,169.77999877929688,Joined,Others,Others,1
134,44202-TEL,Female,50,True,Telangana,9,14,,True,0,True,Fiber Optic,0,0,0,0,0,0,0,1,Month-to-Month,True,Credit Card,69.94999694824219,69.94999694824219,0.0,0,11.449999809265137,81.4000015258789,Joined,Others,Others,1
135,17154-HAR,Male,32,False,Haryana,13,4,,True,0,False,,No,No,No,No,No,No,No,No,One Year,False,Mailed Check,18.799999237060547,18.799999237060547,0.0,0,43.56999969482422,62.369998931884766,Joined,Others,Others,1
136,19837-TAM,Female,57,True,Tamil Nadu,4,6,,False,No,True,Cable,0,1,0,0,1,1,1,1,Month-to-Month,False,Bank Withdrawal,51.400001525878906,96.80000305175781,0.0,0,0.0,96.80000305175781,Joined,Others,Others,1
137,13666-UTT,Male,57,True,Uttarakhand,15,16,,True,0,True,Fiber Optic,0,1,0,0,1,1,1,1,Month-to-Month,False,Bank Withdrawal,95.4000015258789,293.1499938964844,0.0,0,51.029998779296875,344.17999267578125,Joined,Others,Others,1
138,48307-WES,Female,56,False,West Bengal,4,15,Deal 5,True,0,True,Cable,0,0,1,0,1,1,1,0,One Year,True,Bank Withdrawal,69.94999694824219,220.4499969482422,0.0,30,88.52999877929688,338.9800109863281,Joined,Others,Others,1
139,26412-ASS,Female,30,False,Assam,7,18,,True,0,False,,No,No,No,No,No,No,No,No,Month-to-Month,True,Bank Withdrawal,20.700000762939453,39.849998474121094,0.0,0,27.780000686645508,67.62999725341797,Joined,Others,Others,1
140,86891-GUJ,Male,25,False,Gujarat,7,5,,True,0,False,,No,No,No,No,No,No,No,No,Month-to-Month,False,Credit Card,20.049999237060547,20.049999237060547,0.0,0,18.149999618530273,38.20000076293945,Joined,Others,Others,1
141,34101-TAM,Female,41,False,Tamil Nadu,5,35,,True,0,False,,No,No,No,No,No,No,No,No,Month-to-Month,False,Bank Withdrawal,20.200000762939453,50.599998474121094,0.0,0,55.290000915527344,105.88999938964844,Joined,Others,Others,1
142,63464-AND,Male,48,False,Andhra Pradesh,7,5,,True,0,True,DSL,0,0,0,1,0,1,1,1,Month-to-Month,False,Credit Card,60.650001525878906,196.89999389648438,0.0,0,67.47000122070312,264.3699951171875,Joined,Others,Others,1
143,92134-BIH,Male,24,False,Bihar,5,11,,False,No,True,DSL,0,0,0,0,1,0,0,1,Month-to-Month,True,Credit Card,34.79999923706055,113.94999694824219,0.0,0,0.0,113.94999694824219,Joined,Others,Others,1
144,48051-GUJ,Female,49,True,Gujarat,0,36,,False,No,True,DSL,0,0,0,0,0,0,0,1,One Year,False,Credit Card,25.850000381469727,25.850000381469727,0.0,0,0.0,25.850000381469727,Joined,Others,Others,1
145,19811-MAH,Female,35,True,Maharashtra,10,7,Deal 5,True,0,True,Fiber Optic,1,1,0,0,1,0,0,1,Month-to-Month,False,Bank Withdrawal,89.8499984741211,248.39999389648438,0.0,0,99.9000015258789,348.29998779296875,Joined,Others,Others,1
146,82473-AND,Male,63,True,Andhra Pradesh,10,1,Deal 5,False,No,True,DSL,0,1,0,0,0,0,0,1,Month-to-Month,False,Credit Card,29.799999237060547,94.4000015258789,0.0,0,0.0,94.4000015258789,Joined,Others,Others,1
147,89512-JAM,Male,57,False,Jammu & Kashmir,3,34,,True,1,True,DSL,1,1,0,0,0,0,0,1,Month-to-Month,False,Bank Withdrawal,60.95000076293945,134.60000610351562,0.0,0,29.760000228881836,164.36000061035156,Joined,Others,Others,1
148,27553-UTT,Female,53,True,Uttar Pradesh,0,18,,True,0,False,,No,No,No,No,No,No,No,No,Month-to-Month,False,Credit Card,20.299999237060547,20.299999237060547,0.0,0,4.090000152587891,24.389999389648438,Joined,Others,Others,1
149,83196-UTT,Female,61,True,Uttar Pradesh,3,10,,True,1,True,Fiber Optic,1,0,0,0,0,0,0,1,Month-to-Month,False,Credit Card,80.55000305175781,188.10000610351562,0.0,0,10.600000381469727,198.6999969482422,Joined,Others,Others,1
150,95735-PUN,Female,53,False,Punjab,10,21,,True,0,False,,No,No,No,No,No,No,No,No,Month-to-Month,False,Credit Card,19.25,48.349998474121094,0.0,0,42.36000061035156,90.70999908447266,Joined,Others,Others,1
151,52279-TAM,Male,53,False,Tamil Nadu,15,26,Deal 5,True,0,True,Fiber Optic,0,0,0,0,1,0,0,1,Month-to-Month,True,Bank Withdrawal,80.69999694824219,239.4499969482422,0.0,0,71.16000366210938,310.6099853515625,Joined,Others,Others,1
152,46004-TAM,Male,25,True,Tamil Nadu,1,6,,True,0,True,DSL,0,0,0,1,1,1,1,1,Month-to-Month,False,Bank Withdrawal,-8.0,132.39999389648438,0.0,0,47.040000915527344,179.44000244140625,Joined,Others,Others,1
153,45672-TAM,Female,29,False,Tamil Nadu,0,2,,True,0,False,,No,No,No,No,No,No,No,No,Month-to-Month,False,Mailed Check,20.200000762939453,20.200000762939453,0.0,0,42.150001525878906,62.349998474121094,Joined,Others,Others,1
154,19541-ODI,Female,37,True,Odisha,15,14,Deal 5,True,0,True,Cable,0,0,0,0,0,0,0,1,Month-to-Month,True,Credit Card,45.25,74.19999694824219,0.0,0,79.0,153.1999969482422,Joined,Others,Others,1
155,79777-MAH,Male,77,True,Maharashtra,13,33,,True,1,True,Fiber Optic,0,0,0,0,0,0,0,1,Month-to-Month,True,Mailed Check,72.5999984741211,154.3000030517578,0.0,0,30.3799991607666,184.67999267578125,Joined,Others,Others,1
156,95822-AND,Male,34,True,Andhra Pradesh,3,26,,True,0,False,,No,No,No,No,No,No,No,No,Month-to-Month,True,Credit Card,19.200000762939453,19.200000762939453,0.0,0,17.889999389648438,37.09000015258789,Joined,Others,Others,1
157,97828-MAH,Female,57,False,Maharashtra,0,12,Deal 5,True,0,True,Fiber Optic,0,0,0,0,1,1,1,1,Month-to-Month,True,Bank Withdrawal,92.0,266.79998779296875,0.0,0,46.79999923706055,313.6000061035156,Joined,Others,Others,1
158,54564-AND,Female,55,True,Andhra Pradesh,11,7,,True,1,True,Fiber Optic,0,0,0,0,0,0,0,1,Month-to-Month,False,Bank Withdrawal,76.0999984741211,257.6000061035156,0.0,0,43.04999923706055,300.6499938964844,Joined,Others,Others,1
159,84720-GUJ,Male,55,True,Gujarat,11,6,,True,0,False,,No,No,No,No,No,No,No,No,Month-to-Month,False,Credit Card,19.200000762939453,19.200000762939453,0.0,0,32.779998779296875,51.97999954223633,Joined,Others,Others,1
161,39623-HAR,Female,85,False,Haryana,2,10,Deal 5,True,0,True,Fiber Optic,0,1,0,0,0,0,0,0,Month-to-Month,True,Bank Withdrawal,74.5999984741211,239.0500030517578,0.0,30,118.52999877929688,387.5799865722656,Joined,Others,Others,1
162,53186-HAR,Male,74,True,Haryana,10,2,Deal 5,True,0,True,DSL,0,0,0,0,0,0,0,1,One Year,False,Bank Withdrawal,45.25,45.25,0.0,0,11.890000343322754,57.13999938964844,Joined,Others,Others,1
163,82010-WES,Female,46,False,West Bengal,14,7,Deal 5,True,1,True,Fiber Optic,0,1,0,0,0,0,0,1,Month-to-Month,False,Bank Withdrawal,79.55000305175781,151.75,0.0,0,51.119998931884766,202.8699951171875,Joined,Others,Others,1
164,46865-PUN,Female,18,False,Punjab,11,1,Deal 5,True,1,True,Fiber Optic,0,1,0,0,0,0,0,1,Month-to-Month,True,Bank Withdrawal,79.44999694824219,145.14999389648438,0.0,0,57.220001220703125,202.3699951171875,Joined,Others,Others,1
165,99488-KAR,Male,50,True,Karnataka,10,31,,False,No,True,DSL,0,0,0,0,0,0,0,1,Month-to-Month,False,Credit Card,24.399999618530273,24.399999618530273,0.0,0,0.0,24.399999618530273,Joined,Others,Others,1
166,73547-KAR,Female,43,True,Karnataka,13,16,,True,1,True,Fiber Optic,0,0,0,0,1,0,0,1,Month-to-Month,True,Bank Withdrawal,84.05000305175781,134.0500030517578,0.0,0,44.459999084472656,178.50999450683594,Joined,Others,Others,1
167,12469-AND,Male,24,True,Andhra Pradesh,11,4,,True,0,True,DSL,0,0,0,0,1,0,0,1,Month-to-Month,True,Credit Card,55.29999923706055,55.29999923706055,0.0,0,36.689998626708984,91.98999786376953,Joined,Others,Others,1
168,77137-MAH,Male,52,False,Maharashtra,1,8,Deal 5,True,0,True,DSL,0,0,0,0,0,0,0,1,Month-to-Month,True,Mailed Check,45.54999923706055,45.54999923706055,0.0,0,16.34000015258789,61.88999938964844,Joined,Others,Others,1
169,35075-PUN,Male,64,True,Punjab,5,9,,True,0,True,Cable,0,0,1,1,0,0,0,1,Month-to-Month,False,Credit Card,55.04999923706055,55.04999923706055,0.0,0,14.649999618530273,69.69999694824219,Joined,Others,Others,1
170,61474-TEL,Male,52,True,Telangana,11,17,,True,0,False,,No,No,No,No,No,No,No,No,Month-to-Month,False,Credit Card,20.350000381469727,20.350000381469727,0.0,0,31.969999313354492,52.31999969482422,Joined,Others,Others,1
171,63883-KAR,Female,33,True,Karnataka,12,26,,True,0,False,,No,No,No,No,No,No,No,No,Month-to-Month,True,Mailed Check,20.450000762939453,42.45000076293945,0.0,0,94.37999725341797,136.8300018310547,Joined,Others,Others,1
172,19041-AND,Female,36,False,Andhra Pradesh,6,21,Deal 5,False,No,True,Cable,1,0,0,1,0,0,0,1,Month-to-Month,False,Credit Card,35.099998474121094,101.0999984741211,0.0,0,0.0,101.0999984741211,Joined,Others,Others,1
173,74378-KAR,Female,37,True,Karnataka,12,30,,True,0,True,DSL,1,0,0,1,0,0,0,1,Month-to-Month,True,Credit Card,54.45000076293945,87.30000305175781,0.0,0,39.7400016784668,127.04000091552734,Joined,Others,Others,1
174,23605-MAH,Female,31,True,Maharashtra,1,19,,True,0,False,,No,No,No,No,No,No,No,No,Month-to-Month,False,Credit Card,20.75,20.75,0.0,0,7.570000171661377,28.31999969482422,Joined,Others,Others,1
175,22765-MAH,Female,40,True,Maharashtra,6,16,Deal 5,True,0,False,,No,No,No,No,No,No,No,No,Month-to-Month,False,Bank Withdrawal,19.450000762939453,19.450000762939453,0.0,0,16.440000534057617,35.88999938964844,Joined,Others,Others,1
176,93521-MAH,Female,55,False,Maharashtra,6,35,,True,0,True,DSL,0,0,0,1,0,0,0,0,Month-to-Month,True,Bank Withdrawal,-1.0,49.29999923706055,0.0,10,14.970000267028809,74.2699966430664,Joined,Others,Others,1
177,56460-MAH,Male,38,True,Maharashtra,12,23,Deal 5,True,0,True,Fiber Optic,0,0,0,0,0,0,0,0,Month-to-Month,False,Credit Card,-1.0,129.1999969482422,0.0,10,5.440000057220459,144.63999938964844,Joined,Others,Others,1
178,94305-KAR,Male,49,True,Karnataka,5,18,Deal 5,True,0,False,,No,No,No,No,No,No,No,No,Month-to-Month,False,Bank Withdrawal,19.75,19.75,0.0,0,5.320000171661377,25.06999969482422,Joined,Others,Others,1
179,15591-KAR,Female,26,False,Karnataka,3,31,,True,0,False,,No,No,No,No,No,No,No,No,Month-to-Month,False,Credit Card,20.399999618530273,20.399999618530273,0.0,0,45.90999984741211,66.30999755859375,Joined,Others,Others,1
180,98334-MAD,Male,67,True,Madhya Pradesh,15,20,,True,0,False,,No,No,No,No,No,No,No,No,Month-to-Month,False,Bank Withdrawal,20.200000762939453,65.94999694824219,0.0,0,95.43000030517578,161.3800048828125,Joined,Others,Others,1
181,47737-UTT,Male,42,False,Uttar Pradesh,15,25,,True,0,False,,No,No,No,No,No,No,No,No,Month-to-Month,False,Credit Card,19.649999618530273,19.649999618530273,0.0,0,16.90999984741211,36.560001373291016,Joined,Others,Others,1
182,24696-BIH,Female,69,True,Bihar,0,20,Deal 5,True,0,True,DSL,0,0,0,0,0,0,0,1,Month-to-Month,False,Bank Withdrawal,43.95000076293945,85.0999984741211,0.0,0,38.18000030517578,123.27999877929688,Joined,Others,Others,1
183,18829-TAM,Female,49,True,Tamil Nadu,4,31,Deal 5,True,0,False,,No,No,No,No,No,No,No,No,Month-to-Month,False,Credit Card,18.799999237060547,56.0,0.0,0,19.829999923706055,75.83000183105469,Joined,Others,Others,1
184,72391-UTT,Male,35,False,Uttar Pradesh,1,7,,False,No,True,DSL,0,0,0,0,0,1,1,1,Month-to-Month,False,Bank Withdrawal,35.0,35.0,0.0,0,0.0,35.0,Joined,Others,Others,1
185,77230-RAJ,Female,59,True,Rajasthan,5,4,,True,0,False,,No,No,No,No,No,No,No,No,Month-to-Month,True,Bank Withdrawal,19.649999618530273,31.200000762939453,0.0,0,15.600000381469727,46.79999923706055,Joined,Others,Others,1
186,52403-WES,Female,66,True,West Bengal,9,6,,True,0,True,Fiber Optic,0,0,0,0,0,0,0,0,Two Year,True,Bank Withdrawal,71.25,71.25,0.0,10,17.600000381469727,98.8499984741211,Joined,Others,Others,1
187,19998-AND,Female,18,False,Andhra Pradesh,0,2,Deal 5,True,0,True,Fiber Optic,0,0,1,0,0,1,1,1,Month-to-Month,False,Credit Card,85.69999694824219,256.75,0.0,0,89.5199966430664,346.2699890136719,Joined,Others,Others,1
188,36483-KAR,Male,42,False,Karnataka,2,14,,True,0,False,,No,No,No,No,No,No,No,No,Month-to-Month,False,Credit Card,19.75,19.75,0.0,0,15.770000457763672,35.52000045776367,Joined,Others,Others,1
189,54598-TAM,Male,59,False,Tamil Nadu,11,32,,True,0,False,,No,No,No,No,No,No,No,No,Month-to-Month,False,Credit Card,19.75,39.29999923706055,0.0,0,3.940000057220459,43.2400016784668,Joined,Others,Others,1
190,66669-HAR,Male,44,False,Haryana,12,32,Deal 5,True,0,True,Cable,0,0,0,0,0,0,0,1,Month-to-Month,True,Bank Withdrawal,44.04999923706055,44.04999923706055,0.0,0,30.729999542236328,74.77999877929688,Joined,Others,Others,1
192,33773-UTT,Male,58,True,Uttar Pradesh,3,6,Deal 5,True,0,False,,No,No,No,No,No,No,No,No,Month-to-Month,False,Credit Card,20.600000381469727,20.600000381469727,0.0,0,1.4800000190734863,22.079999923706055,Joined,Others,Others,1
193,43877-PUN,Male,23,False,Punjab,6,3,,True,0,True,DSL,0,0,1,0,0,1,1,1,Month-to-Month,False,Bank Withdrawal,60.849998474121094,111.4000015258789,0.0,0,30.5,141.89999389648438,Joined,Others,Others,1
194,16764-WES,Male,40,False,West Bengal,15,13,Deal 5,True,0,False,,No,No,No,No,No,No,No,No,Month-to-Month,False,Credit Card,20.799999237060547,20.799999237060547,0.0,0,48.13999938964844,68.94000244140625,Joined,Others,Others,1
195,95991-MAD,Female,37,True,Madhya Pradesh,0,32,,True,0,True,Cable,0,0,0,1,0,0,0,1,Month-to-Month,True,Credit Card,50.25,152.3000030517578,0.0,0,84.56999969482422,236.8699951171875,Joined,Others,Others,1
196,56256-UTT,Male,40,False,Uttar Pradesh,14,15,,True,0,True,Fiber Optic,0,0,0,0,0,0,0,1,Month-to-Month,True,Credit Card,70.30000305175781,220.39999389648438,0.0,0,29.219999313354492,249.6199951171875,Joined,Others,Others,1
197,32587-UTT,Female,30,False,Uttar Pradesh,1,27,,True,0,True,Cable,0,0,0,0,0,0,0,1,Month-to-Month,False,Credit Card,45.45000076293945,141.6999969482422,0.0,0,61.11000061035156,202.80999755859375,Joined,Others,Others,1
198,86970-KER,Male,57,True,Kerala,2,9,,True,0,True,DSL,0,1,0,0,0,0,0,0,Month-to-Month,False,Bank Withdrawal,49.5,49.5,0.0,30,16.989999771118164,96.48999786376953,Joined,Others,Others,1
199,66766-UTT,Female,38,False,Uttar Pradesh,6,10,Deal 5,True,1,True,Fiber Optic,0,0,0,0,0,0,0,1,Month-to-Month,True,Bank Withdrawal,74.94999694824219,212.39999389648438,27.600000381469727,0,4.920000076293945,189.72000122070312,Joined,Others,Others,1
200,34713-KER,Male,58,True,Kerala,1,29,Deal 5,True,1,True,Fiber Optic,1,0,0,0,0,1,1,1,Month-to-Month,False,Credit Card,90.75,174.75,0.0,0,54.34000015258789,229.08999633789062,Joined,Others,Others,1
201,82170-TAM,Male,41,False,Tamil Nadu,5,29,,True,0,True,DSL,0,0,0,0,0,0,0,1,Month-to-Month,False,Mailed Check,44.599998474121094,44.599998474121094,0.0,0,45.279998779296875,89.87999725341797,Joined,Others,Others,1
202,74033-ASS,Female,45,True,Assam,15,20,,False,No,True,Cable,0,0,0,0,0,0,0,1,Month-to-Month,False,Bank Withdrawal,25.25,25.25,0.0,0,0.0,25.25,Joined,Others,Others,1
204,32966-HAR,Female,23,False,Haryana,3,7,,True,0,False,,No,No,No,No,No,No,No,No,Month-to-Month,False,Bank Withdrawal,19.200000762939453,19.200000762939453,0.0,0,26.3700008392334,45.56999969482422,Joined,Others,Others,1
205,94124-MAH,Female,21,False,Maharashtra,9,8,,True,0,True,Fiber Optic,0,0,0,0,1,0,0,1,Month-to-Month,True,Bank Withdrawal,79.94999694824219,174.4499969482422,0.0,0,75.4000015258789,249.85000610351562,Joined,Others,Others,1
206,13823-TEL,Female,31,True,Telangana,1,28,Deal 5,False,No,True,DSL,0,0,0,0,0,0,0,1,Month-to-Month,False,Bank Withdrawal,24.5,46.400001525878906,0.0,0,0.0,46.400001525878906,Joined,Others,Others,1
207,57457-MAD,Female,46,False,Madhya Pradesh,14,34,,True,0,False,,No,No,No,No,No,No,No,No,Month-to-Month,False,Mailed Check,20.0,38.0,0.0,0,68.76000213623047,106.76000213623047,Joined,Others,Others,1
208,96967-CHH,Female,33,False,Chhattisgarh,5,8,,True,0,True,Fiber Optic,0,0,0,0,1,1,1,1,Month-to-Month,True,Bank Withdrawal,89.3499984741211,89.3499984741211,0.0,0,5.360000133514404,94.70999908447266,Joined,Others,Others,1
209,71210-WES,Female,58,False,West Bengal,15,28,,True,0,False,,No,No,No,No,No,No,No,No,Month-to-Month,False,Credit Card,19.850000381469727,19.850000381469727,0.0,0,29.100000381469727,48.95000076293945,Joined,Others,Others,1
210,53764-WES,Male,36,False,West Bengal,10,23,,False,No,True,Cable,0,0,0,0,0,0,0,1,Month-to-Month,True,Credit Card,24.899999618530273,24.899999618530273,0.0,0,0.0,24.899999618530273,Joined,Others,Others,1
211,39128-PUN,Male,36,False,Punjab,15,22,Deal 5,True,0,True,DSL,0,0,0,0,0,0,0,0,Month-to-Month,True,Bank Withdrawal,44.75,44.75,0.0,10,18.56999969482422,73.31999969482422,Joined,Others,Others,1
212,65405-MAH,Female,65,True,Maharashtra,7,18,,True,0,False,,No,No,No,No,No,No,No,No,One Year,False,Mailed Check,20.25,71.19999694824219,0.0,0,4.409999847412109,75.61000061035156,Joined,Others,Others,1
213,87024-KAR,Male,58,False,Karnataka,14,8,Deal 5,True,0,True,Fiber Optic,0,0,0,0,0,0,0,1,Month-to-Month,True,Credit Card,71.30000305175781,157.75,0.0,0,13.479999542236328,171.22999572753906,Joined,Others,Others,1
214,99855-MAH,Female,50,True,Maharashtra,5,29,,True,0,True,Fiber Optic,0,0,0,0,0,0,0,1,Month-to-Month,True,Bank Withdrawal,69.69999694824219,135.1999969482422,0.0,0,31.34000015258789,166.5399932861328,Joined,Others,Others,1
215,39866-MAH,Female,24,False,Maharashtra,1,12,Deal 5,True,0,True,DSL,0,0,0,0,0,0,0,0,Month-to-Month,False,Bank Withdrawal,45.54999923706055,84.4000015258789,0.0,10,83.80000305175781,178.1999969482422,Joined,Others,Others,1
216,97427-JAM,Female,27,True,Jammu & Kashmir,9,2,Deal 5,True,0,False,,No,No,No,No,No,No,No,No,Month-to-Month,True,Credit Card,20.350000381469727,20.350000381469727,0.0,0,29.860000610351562,50.209999084472656,Joined,Others,Others,1
217,92527-KAR,Female,40,False,Karnataka,7,16,,True,0,False,,No,No,No,No,No,No,No,No,Month-to-Month,True,Credit Card,20.049999237060547,20.049999237060547,0.0,0,3.2300000190734863,23.280000686645508,Joined,Others,Others,1
220,57012-TAM,Female,78,True,Tamil Nadu,11,29,Deal 5,True,0,True,DSL,0,0,0,0,0,0,0,1,Two Year,False,Bank Withdrawal,45.20000076293945,45.20000076293945,0.0,0,49.34000015258789,94.54000091552734,Joined,Others,Others,1
221,46190-GUJ,Male,27,True,Gujarat,0,36,Deal 5,True,0,True,DSL,0,0,0,0,0,1,1,0,Month-to-Month,False,Mailed Check,55.54999923706055,55.54999923706055,0.0,30,33.31999969482422,118.87000274658203,Joined,Others,Others,1
222,36628-GUJ,Female,44,True,Gujarat,7,1,Deal 5,True,0,True,Fiber Optic,1,0,0,1,0,0,0,1,Month-to-Month,True,Bank Withdrawal,80.1500015258789,194.5500030517578,0.0,0,53.15999984741211,247.7100067138672,Joined,Others,Others,1
223,46730-ASS,Female,18,False,Assam,5,4,Deal 5,True,0,True,Fiber Optic,0,1,0,0,0,0,0,1,Month-to-Month,True,Bank Withdrawal,74.75,144.8000030517578,0.0,0,87.12000274658203,231.9199981689453,Joined,Others,Others,1
224,47492-AND,Female,30,True,Andhra Pradesh,15,24,Deal 5,True,0,False,,No,No,No,No,No,No,No,No,Month-to-Month,True,Bank Withdrawal,20.149999618530273,20.149999618530273,0.0,0,18.6299991607666,38.779998779296875,Joined,Others,Others,1
227,44700-DEL,Female,48,False,Delhi,10,19,Deal 5,True,1,True,Fiber Optic,0,0,0,0,1,0,0,0,Month-to-Month,True,Bank Withdrawal,84.5999984741211,84.5999984741211,0.0,0,7.340000152587891,91.94000244140625,Joined,Others,Others,1
228,25517-RAJ,Female,40,False,Rajasthan,4,10,,True,1,True,Fiber Optic,0,0,1,0,1,0,0,0,Month-to-Month,True,Bank Withdrawal,91.44999694824219,171.4499969482422,0.0,10,98.81999969482422,280.2699890136719,Joined,Others,Others,1
229,25733-HAR,Female,80,False,Haryana,8,33,Deal 5,True,0,True,Fiber Optic,0,0,1,0,1,1,0,0,One Year,True,Credit Card,95.5,181.64999389648438,0.0,10,66.19999694824219,257.8500061035156,Joined,Others,Others,1
230,79342-KAR,Female,39,True,Karnataka,5,22,,True,0,True,DSL,1,0,0,1,1,0,0,1,Month-to-Month,True,Credit Card,64.4000015258789,195.64999389648438,0.0,0,114.1500015258789,309.79998779296875,Joined,Others,Others,1
231,74804-WES,Female,46,False,West Bengal,0,5,,True,0,True,Fiber Optic,0,0,0,0,0,0,0,0,Month-to-Month,True,Credit Card,69.5999984741211,207.39999389648438,0.0,20,86.91000366210938,314.30999755859375,Joined,Others,Others,1
232,45561-MAH,Female,44,True,Maharashtra,6,7,Deal 5,True,0,False,,No,No,No,No,No,No,No,No,Month-to-Month,True,Mailed Check,20.0,40.900001525878906,0.0,0,86.54000091552734,127.44000244140625,Joined,Others,Others,1
233,28681-HAR,Female,33,False,Haryana,4,2,,True,0,True,Fiber Optic,0,0,1,0,0,0,0,1,Month-to-Month,False,Bank Withdrawal,75.55000305175781,75.55000305175781,0.0,0,7.110000133514404,82.66000366210938,Joined,Others,Others,1
234,36339-UTT,Female,54,False,Uttar Pradesh,14,7,Deal 5,True,0,False,,No,No,No,No,No,No,No,No,Month-to-Month,True,Credit Card,19.899999618530273,45.75,0.0,0,124.08000183105469,169.8300018310547,Joined,Others,Others,1
235,73108-GUJ,Female,38,True,Gujarat,6,12,,True,0,False,,No,No,No,No,No,No,No,No,Month-to-Month,False,Credit Card,20.25,36.79999923706055,0.0,0,31.65999984741211,68.45999908447266,Joined,Others,Others,1
236,86703-WES,Female,54,True,West Bengal,14,35,Deal 5,True,0,False,,No,No,No,No,No,No,No,No,Month-to-Month,False,Bank Withdrawal,20.649999618530273,20.649999618530273,0.0,0,1.4700000286102295,22.1200008392334,Joined,Others,Others,1
237,92494-MAH,Female,39,True,Maharashtra,11,19,,True,0,True,Fiber Optic,1,1,0,0,1,0,0,0,Month-to-Month,True,Bank Withdrawal,91.1500015258789,168.5,0.0,10,93.55999755859375,272.05999755859375,Joined,Others,Others,1
238,79427-KAR,Male,67,True,Karnataka,12,21,Deal 5,True,0,True,Fiber Optic,0,0,0,0,0,0,0,1,Month-to-Month,False,Bank Withdrawal,70.0999984741211,141.64999389648438,0.0,0,69.9800033569336,211.6300048828125,Joined,Others,Others,1
239,26448-BIH,Female,57,False,Bihar,10,21,Deal 5,True,0,True,DSL,0,1,0,1,1,1,1,1,Month-to-Month,True,Bank Withdrawal,75.30000305175781,244.10000610351562,0.0,0,116.97000122070312,361.07000732421875,Joined,Others,Others,1
240,81118-MAD,Female,31,False,Madhya Pradesh,1,13,,True,0,True,Cable,0,0,0,0,0,0,0,1,Month-to-Month,True,Credit Card,45.79999923706055,45.79999923706055,0.0,0,13.619999885559082,59.41999816894531,Joined,Others,Others,1
242,83308-TAM,Male,40,False,Tamil Nadu,5,14,,False,No,True,DSL,0,1,0,0,0,0,0,1,Month-to-Month,False,Mailed Check,29.649999618530273,90.05000305175781,0.0,0,0.0,90.05000305175781,Joined,Others,Others,1
243,82559-CHH,Male,34,True,Chhattisgarh,0,33,Deal 5,True,0,True,DSL,0,1,0,1,0,1,1,0,Month-to-Month,True,Credit Card,64.19999694824219,143.64999389648438,0.0,30,8.819999694824219,182.47000122070312,Joined,Others,Others,1
245,96430-PUN,Male,37,False,Punjab,0,23,,True,0,True,DSL,1,0,0,0,0,0,0,1,Month-to-Month,True,Credit Card,48.75,48.75,0.0,0,26.260000228881836,75.01000213623047,Joined,Others,Others,1
246,82118-JAM,Female,69,True,Jammu & Kashmir,3,6,Deal 5,False,No,True,Cable,0,0,0,0,0,0,0,1,Month-to-Month,False,Mailed Check,24.200000762939453,24.200000762939453,0.0,0,0.0,24.200000762939453,Joined,Others,Others,1
247,61203-PUN,Female,19,False,Punjab,11,11,,True,1,True,Cable,0,0,0,1,1,0,0,1,Month-to-Month,False,Bank Withdrawal,64.5999984741211,174.1999969482422,0.0,0,122.97000122070312,297.1700134277344,Joined,Others,Others,1
248,58577-ODI,Female,44,True,Odisha,7,36,Deal 5,True,0,True,DSL,0,0,0,0,0,0,0,1,Month-to-Month,True,Credit Card,45.849998474121094,105.5999984741211,0.0,0,10.9399995803833,116.54000091552734,Joined,Others,Others,1
249,43908-WES,Male,36,False,West Bengal,3,25,,True,0,True,Fiber Optic,0,0,0,0,0,0,0,1,Month-to-Month,False,Bank Withdrawal,70.3499984741211,139.25,0.0,0,89.54000091552734,228.7899932861328,Joined,Others,Others,1
250,47611-WES,Male,25,False,West Bengal,4,31,,True,0,True,DSL,0,0,0,0,0,1,1,0,Month-to-Month,True,Bank Withdrawal,55.25,55.25,0.0,60,39.189998626708984,154.44000244140625,Joined,Others,Others,1
251,95594-TAM,Female,64,False,Tamil Nadu,4,1,,True,0,True,DSL,0,0,0,0,0,0,0,1,Month-to-Month,False,Bank Withdrawal,44.0,44.0,0.0,0,15.65999984741211,59.65999984741211,Joined,Others,Others,1
252,55043-UTT,Male,43,True,Uttar Pradesh,8,17,,True,0,True,Fiber Optic,0,0,0,0,0,0,0,0,Month-to-Month,True,Bank Withdrawal,69.9000015258789,69.9000015258789,0.0,10,9.359999656677246,89.26000213623047,Joined,Others,Others,1
253,43604-TAM,Female,18,False,Tamil Nadu,14,7,Deal 5,True,0,False,,No,No,No,No,No,No,No,No,One Year,False,Mailed Check,19.649999618530273,19.649999618530273,0.0,0,23.40999984741211,43.060001373291016,Joined,Others,Others,1
254,52695-UTT,Female,52,False,Uttar Pradesh,14,34,,True,0,False,,No,No,No,No,No,No,No,No,Month-to-Month,False,Credit Card,20.350000381469727,35.099998474121094,0.0,0,4.920000076293945,40.02000045776367,Joined,Others,Others,1
255,89303-AND,Male,51,False,Andhra Pradesh,6,11,Deal 5,True,0,True,Fiber Optic,0,0,0,0,0,0,0,1,Month-to-Month,False,Credit Card,69.94999694824219,143.89999389648438,0.0,0,58.20000076293945,202.10000610351562,Joined,Others,Others,1
256,19747-WES,Female,47,False,West Bengal,15,19,Deal 5,True,0,True,DSL,1,0,0,1,0,1,1,0,Month-to-Month,True,Bank Withdrawal,64.5,177.39999389648438,0.0,60,118.6500015258789,356.04998779296875,Joined,Others,Others,1
257,25048-TEL,Male,47,False,Telangana,15,9,Deal 5,True,1,False,,No,No,No,No,No,No,No,No,Month-to-Month,False,Credit Card,24.0,24.0,0.0,0,32.95000076293945,56.95000076293945,Joined,Others,Others,1
258,79700-KER,Female,53,False,Kerala,5,30,,True,1,True,Fiber Optic,0,1,1,0,1,1,1,1,Month-to-Month,False,Mailed Check,107.94999694824219,313.6000061035156,0.0,0,142.5,456.1000061035156,Joined,Others,Others,1
260,36323-UTT,Female,48,False,Uttar Pradesh,14,11,,True,0,False,,No,No,No,No,No,No,No,No,One Year,False,Bank Withdrawal,20.5,38.25,0.0,0,62.02000045776367,100.2699966430664,Joined,Others,Others,1
261,45771-KAR,Female,50,False,Karnataka,3,7,,True,0,True,DSL,0,0,0,0,0,0,0,1,Month-to-Month,False,Credit Card,44.45000076293945,44.45000076293945,0.0,0,23.34000015258789,67.79000091552734,Joined,Others,Others,1
262,27561-UTT,Female,19,False,Uttar Pradesh,6,10,Deal 5,True,0,False,,No,No,No,No,No,No,No,No,Month-to-Month,True,Credit Card,20.25,20.25,0.0,0,47.25,67.5,Joined,Others,Others,1
263,21247-ASS,Male,58,True,Assam,2,2,,True,0,False,,No,No,No,No,No,No,No,No,Month-to-Month,True,Credit Card,19.5,19.5,0.0,0,8.020000457763672,27.520000457763672,Joined,Others,Others,1
264,87077-TAM,Male,62,True,Tamil Nadu,3,21,Deal 5,True,0,True,Cable,0,0,1,0,1,1,1,1,Month-to-Month,False,Credit Card,69.0,147.8000030517578,0.0,0,54.81999969482422,202.6199951171875,Joined,Others,Others,1
265,17250-HAR,Female,23,True,Haryana,12,2,,True,0,True,DSL,0,1,0,0,0,0,0,1,Month-to-Month,False,Credit Card,49.25,97.0,0.0,0,81.5,178.5,Joined,Others,Others,1
266,89382-ASS,Male,56,False,Assam,5,29,Deal 5,False,No,True,DSL,0,0,0,1,0,0,0,1,Month-to-Month,True,Bank Withdrawal,29.75,96.8499984741211,0.0,0,0.0,96.8499984741211,Joined,Others,Others,1
267,16032-AND,Female,47,False,Andhra Pradesh,8,18,,True,0,True,DSL,0,0,0,0,0,0,0,1,Month-to-Month,True,Bank Withdrawal,46.599998474121094,87.9000015258789,0.0,0,3.740000009536743,91.63999938964844,Joined,Others,Others,1
268,47957-GUJ,Female,26,False,Gujarat,4,2,Deal 5,True,0,False,,No,No,No,No,No,No,No,No,Month-to-Month,True,Credit Card,20.450000762939453,20.450000762939453,0.0,0,42.16999816894531,62.619998931884766,Joined,Others,Others,1
269,49201-GUJ,Female,37,False,Gujarat,11,30,,False,No,True,DSL,1,0,0,0,0,0,0,1,Month-to-Month,False,Credit Card,29.899999618530273,29.899999618530273,0.0,0,0.0,29.899999618530273,Joined,Others,Others,1
270,74979-MAD,Female,49,True,Madhya Pradesh,10,14,Deal 5,False,No,True,Cable,0,0,0,1,0,0,0,1,Month-to-Month,False,Bank Withdrawal,29.049999237060547,44.75,0.0,0,0.0,44.75,Joined,Others,Others,1
271,54172-RAJ,Female,64,True,Rajasthan,0,9,Deal 5,True,1,True,DSL,0,1,0,0,0,0,0,1,Month-to-Month,True,Credit Card,56.54999923706055,118.25,0.0,0,63.47999954223633,181.72999572753906,Joined,Others,Others,1
272,83080-HAR,Female,54,False,Haryana,9,4,,True,0,True,Fiber Optic,0,0,0,0,0,0,0,1,Month-to-Month,True,Bank Withdrawal,70.1500015258789,194.1999969482422,0.0,0,16.889999389648438,211.08999633789062,Joined,Others,Others,1
273,41795-UTT,Female,58,False,Uttar Pradesh,5,10,,True,0,False,,No,No,No,No,No,No,No,No,Month-to-Month,False,Credit Card,19.75,19.75,0.0,0,41.279998779296875,61.029998779296875,Joined,Others,Others,1
274,16733-ODI,Female,76,True,Odisha,10,1,,True,0,True,DSL,0,0,0,0,0,0,0,1,Month-to-Month,True,Credit Card,45.849998474121094,45.849998474121094,0.0,0,40.380001068115234,86.2300033569336,Joined,Others,Others,1
275,25763-JHA,Female,47,True,Jharkhand,9,3,Deal 5,True,0,True,Cable,0,0,0,0,0,0,0,1,Month-to-Month,False,Bank Withdrawal,44.150001525878906,44.150001525878906,0.0,0,9.819999694824219,53.970001220703125,Joined,Others,Others,1
276,28266-JAM,Male,32,False,Jammu & Kashmir,6,1,,False,No,True,DSL,0,0,0,0,0,0,0,1,Month-to-Month,False,Credit Card,25.350000381469727,25.350000381469727,0.0,0,0.0,25.350000381469727,Joined,Others,Others,1
278,67994-MAD,Male,75,True,Madhya Pradesh,12,33,Deal 5,True,0,True,DSL,0,0,0,0,0,0,0,1,Two Year,False,Bank Withdrawal,46.29999923706055,46.29999923706055,0.0,0,11.510000228881836,57.810001373291016,Joined,Others,Others,1
279,12340-DEL,Female,51,True,Delhi,0,10,,True,0,True,Cable,0,0,0,0,1,1,1,1,Month-to-Month,True,Credit Card,62.79999923706055,62.79999923706055,0.0,0,42.189998626708984,104.98999786376953,Joined,Others,Others,1
280,31476-TEL,Male,42,True,Telangana,5,33,Deal 5,True,0,False,,No,No,No,No,No,No,No,No,Month-to-Month,False,Credit Card,19.950000762939453,19.950000762939453,0.0,0,27.079999923706055,47.029998779296875,Joined,Others,Others,1
282,66413-TAM,Female,53,False,Tamil Nadu,12,4,,True,0,True,Fiber Optic,0,0,0,0,1,0,0,0,Month-to-Month,True,Bank Withdrawal,80.5,232.35000610351562,0.0,0,80.58000183105469,312.92999267578125,Joined,Others,Others,1
283,97615-MAH,Female,23,True,Maharashtra,11,10,Deal 5,True,0,False,,No,No,No,No,No,No,No,No,Month-to-Month,False,Credit Card,20.200000762939453,20.200000762939453,0.0,0,41.099998474121094,61.29999923706055,Joined,Others,Others,1
284,42089-MAH,Female,32,False,Maharashtra,2,34,Deal 5,True,0,False,,No,No,No,No,No,No,No,No,Month-to-Month,False,Credit Card,20.700000762939453,57.5,0.0,0,115.2300033569336,172.72999572753906,Joined,Others,Others,1
286,64095-BIH,Male,27,False,Bihar,2,17,,True,0,False,,No,No,No,No,No,No,No,No,One Year,True,Bank Withdrawal,-3.0,20.200000762939453,0.0,0,44.689998626708984,64.88999938964844,Joined,Others,Others,1
287,75671-PUD,Female,34,True,Puducherry,8,13,,True,0,True,Cable,0,0,0,0,0,0,0,1,Month-to-Month,True,Bank Withdrawal,45.400001525878906,80.94999694824219,0.0,0,21.6200008392334,102.56999969482422,Joined,Others,Others,1
288,29525-TAM,Female,50,True,Tamil Nadu,9,3,Deal 5,False,No,True,DSL,0,0,0,0,0,0,0,1,Month-to-Month,False,Credit Card,25.0,78.25,0.0,0,0.0,78.25,Joined,Others,Others,1
289,18415-KAR,Female,33,True,Karnataka,7,36,,True,0,False,,No,No,No,No,No,No,No,No,Month-to-Month,False,Mailed Check,19.100000381469727,19.100000381469727,0.0,0,5.019999980926514,24.1200008392334,Joined,Others,Others,1
290,35635-TEL,Female,26,True,Telangana,10,5,,True,0,False,,No,No,No,No,No,No,No,No,Month-to-Month,False,Mailed Check,20.399999618530273,20.399999618530273,0.0,0,17.809999465942383,38.209999084472656,Joined,Others,Others,1
291,67752-MAH,Female,28,False,Maharashtra,0,24,,True,0,True,Cable,0,0,0,0,0,0,0,1,Month-to-Month,False,Credit Card,45.29999923706055,45.29999923706055,0.0,0,47.36000061035156,92.66000366210938,Joined,Others,Others,1
292,51961-BIH,Male,47,False,Bihar,9,25,Deal 5,True,0,True,DSL,1,0,0,0,0,0,0,1,Month-to-Month,False,Credit Card,50.95000076293945,123.05000305175781,0.0,0,73.91999816894531,196.97000122070312,Joined,Others,Others,1
293,23632-HAR,Female,37,True,Haryana,2,16,Deal 5,True,0,True,Fiber Optic,1,0,0,0,1,1,1,1,Month-to-Month,False,Bank Withdrawal,97.0999984741211,184.14999389648438,0.0,0,78.69999694824219,262.8500061035156,Joined,Others,Others,1
294,38920-PUN,Female,50,False,Punjab,8,7,,True,0,True,Cable,0,0,0,0,0,0,0,0,Month-to-Month,True,Bank Withdrawal,43.849998474121094,43.849998474121094,0.0,10,15.899999618530273,69.75,Joined,Others,Others,1
295,51597-MAD,Female,26,True,Madhya Pradesh,10,18,,True,0,False,,No,No,No,No,No,No,No,No,Month-to-Month,False,Credit Card,19.899999618530273,19.899999618530273,0.0,0,1.5,21.399999618530273,Joined,Others,Others,1
296,88107-JAM,Female,58,False,Jammu & Kashmir,10,34,,False,No,True,DSL,0,0,0,1,0,0,0,0,Month-to-Month,False,Credit Card,30.549999237060547,30.549999237060547,0.0,40,0.0,70.55000305175781,Joined,Others,Others,1
297,86315-TAM,Female,54,False,Tamil Nadu,6,13,Deal 5,True,0,False,,No,No,No,No,No,No,No,No,Month-to-Month,False,Bank Withdrawal,20.950000762939453,20.950000762939453,0.0,0,2.2899999618530273,23.239999771118164,Joined,Others,Others,1
299,84577-TEL,Female,59,True,Telangana,11,29,,True,0,True,Cable,0,1,0,0,1,0,0,1,Month-to-Month,True,Bank Withdrawal,59.0,114.1500015258789,0.0,0,54.040000915527344,168.19000244140625,Joined,Others,Others,1
300,23855-MAH,Female,53,True,Maharashtra,13,9,,True,0,True,DSL,0,0,0,0,0,0,0,1,Month-to-Month,False,Bank Withdrawal,44.900001525878906,111.05000305175781,0.0,0,10.15999984741211,121.20999908447266,Joined,Others,Others,1
302,43297-MAH,Male,60,False,Maharashtra,12,18,,True,0,True,Cable,0,0,0,1,0,0,0,0,Month-to-Month,True,Credit Card,50.20000076293945,109.25,0.0,10,12.680000305175781,131.92999267578125,Joined,Others,Others,1
303,59750-AND,Female,49,True,Andhra Pradesh,11,4,,True,1,True,Fiber Optic,0,0,0,0,0,0,0,1,Month-to-Month,True,Credit Card,74.9000015258789,136.0500030517578,0.0,0,82.16000366210938,218.2100067138672,Joined,Others,Others,1
304,83050-PUN,Female,25,True,Punjab,7,20,,True,0,False,,No,No,No,No,No,No,No,No,One Year,False,Credit Card,20.450000762939453,34.79999923706055,0.0,0,92.0,126.80000305175781,Joined,Others,Others,1
305,93700-MAH,Female,57,False,Maharashtra,8,20,Deal 5,True,0,True,Cable,1,0,0,0,0,0,0,1,Month-to-Month,True,Credit Card,50.70000076293945,50.70000076293945,0.0,0,38.04999923706055,88.75,Joined,Others,Others,1
306,86369-BIH,Female,59,False,Bihar,1,2,Deal 5,True,1,True,DSL,0,1,0,0,0,0,0,0,Month-to-Month,False,Bank Withdrawal,54.29999923706055,54.29999923706055,0.0,10,34.02000045776367,98.31999969482422,Joined,Others,Others,1
307,62359-AND,Female,48,True,Andhra Pradesh,5,24,Deal 5,False,No,True,Cable,0,1,0,1,0,0,0,0,Month-to-Month,False,Credit Card,33.599998474121094,33.599998474121094,0.0,50,0.0,83.5999984741211,Joined,Others,Others,1
308,81763-DEL,Male,36,True,Delhi,7,7,,True,0,True,Fiber Optic,1,0,1,0,0,0,0,1,Month-to-Month,True,Bank Withdrawal,80.44999694824219,137.10000610351562,0.0,0,70.81999969482422,207.9199981689453,Joined,Others,Others,1
309,89188-KAR,Female,26,True,Karnataka,3,9,,True,0,False,,No,No,No,No,No,No,No,No,Month-to-Month,True,Mailed Check,20.549999237060547,33.599998474121094,0.0,0,33.400001525878906,67.0,Joined,Others,Others,1
310,83939-AND,Female,42,False,Andhra Pradesh,8,27,,True,0,False,,No,No,No,No,No,No,No,No,Month-to-Month,False,Bank Withdrawal,20.100000381469727,43.150001525878906,0.0,0,65.72000122070312,108.87000274658203,Joined,Others,Others,1
311,55757-KAR,Female,32,True,Karnataka,2,9,Deal 5,True,0,True,Cable,0,0,1,1,0,0,0,1,Month-to-Month,True,Mailed Check,55.79999923706055,154.5500030517578,0.0,0,12.569999694824219,167.1199951171875,Joined,Others,Others,1
312,98767-WES,Female,26,False,West Bengal,14,7,,True,0,False,,No,No,No,No,No,No,No,No,Month-to-Month,False,Credit Card,20.049999237060547,20.049999237060547,0.0,0,11.100000381469727,31.149999618530273,Joined,Others,Others,1
313,44208-AND,Female,25,True,Andhra Pradesh,2,20,,True,1,True,DSL,0,1,1,0,1,0,0,0,Month-to-Month,True,Bank Withdrawal,69.1500015258789,235.0,0.0,0,72.83999633789062,307.8399963378906,Joined,Others,Others,1
314,32375-UTT,Female,23,True,Uttar Pradesh,1,3,,True,0,False,,No,No,No,No,No,No,No,No,Month-to-Month,False,Mailed Check,20.899999618530273,20.899999618530273,0.0,0,10.210000038146973,31.110000610351562,Joined,Others,Others,1
315,28237-JHA,Female,52,False,Jharkhand,7,9,Deal 5,True,0,True,Fiber Optic,0,0,0,0,0,0,0,1,Month-to-Month,True,Bank Withdrawal,69.8499984741211,199.85000610351562,0.0,0,104.27999877929688,304.1300048828125,Joined,Others,Others,1
316,21642-TEL,Male,60,True,Telangana,12,29,,True,0,True,DSL,1,0,0,1,0,0,0,1,Month-to-Month,False,Bank Withdrawal,54.5,54.5,0.0,0,33.209999084472656,87.70999908447266,Joined,Others,Others,1
317,46081-TAM,Male,41,True,Tamil Nadu,14,29,,True,0,True,DSL,0,0,0,0,0,0,0,1,Month-to-Month,False,Credit Card,45.150001525878906,45.150001525878906,0.0,0,42.34000015258789,87.48999786376953,Joined,Others,Others,1
318,13744-AND,Female,41,True,Andhra Pradesh,8,3,Deal 5,True,0,False,,No,No,No,No,No,No,No,No,Month-to-Month,True,Bank Withdrawal,19.649999618530273,19.649999618530273,0.0,0,13.850000381469727,33.5,Joined,Others,Others,1
319,71234-HAR,Female,44,False,Haryana,10,34,,True,0,False,,No,No,No,No,No,No,No,No,Month-to-Month,True,Credit Card,19.399999618530273,19.399999618530273,0.0,0,23.969999313354492,43.369998931884766,Joined,Others,Others,1
320,15803-UTT,Female,34,False,Uttar Pradesh,6,31,,True,0,False,,No,No,No,No,No,No,No,No,Month-to-Month,False,Credit Card,19.149999618530273,19.149999618530273,0.0,0,22.3700008392334,41.52000045776367,Joined,Others,Others,1
321,41427-HAR,Male,37,False,Haryana,13,13,Deal 5,True,0,False,,No,No,No,No,No,No,No,No,Month-to-Month,False,Bank Withdrawal,20.200000762939453,20.200000762939453,0.0,0,24.479999542236328,44.68000030517578,Joined,Others,Others,1
322,31294-KAR,Male,50,True,Karnataka,15,33,Deal 5,True,0,True,DSL,1,0,0,0,0,0,0,1,Month-to-Month,False,Bank Withdrawal,49.75,49.75,0.0,0,41.790000915527344,91.54000091552734,Joined,Others,Others,1
323,33621-MAD,Female,42,False,Madhya Pradesh,13,12,Deal 5,True,0,True,Fiber Optic,0,0,0,0,0,0,0,0,Month-to-Month,True,Bank Withdrawal,70.3499984741211,120.25,0.0,20,15.399999618530273,155.64999389648438,Joined,Others,Others,1
325,77658-AND,Male,44,False,Andhra Pradesh,0,4,Deal 5,False,No,True,DSL,0,0,0,0,0,0,0,1,Month-to-Month,True,Bank Withdrawal,24.399999618530273,24.399999618530273,0.0,0,0.0,24.399999618530273,Joined,Others,Others,1
326,13123-BIH,Female,46,False,Bihar,13,18,Deal 5,True,0,True,Fiber Optic,1,1,0,0,1,1,1,0,Month-to-Month,False,Bank Withdrawal,100.19999694824219,198.5,0.0,10,45.119998931884766,253.6199951171875,Joined,Others,Others,1
327,42864-ODI,Female,29,False,Odisha,2,10,Deal 5,False,No,True,DSL,0,1,0,0,0,0,0,1,Month-to-Month,True,Mailed Check,30.25,63.75,0.0,0,0.0,63.75,Joined,Others,Others,1
328,51751-KER,Female,62,False,Kerala,9,25,,True,0,True,Fiber Optic,0,0,0,0,0,0,0,1,Month-to-Month,True,Bank Withdrawal,70.1500015258789,123.80000305175781,0.0,0,67.5,191.3000030517578,Joined,Others,Others,1
329,76419-KAR,Male,46,True,Karnataka,14,28,,True,1,True,Fiber Optic,0,0,0,0,1,1,1,1,Month-to-Month,False,Bank Withdrawal,94.9000015258789,273.20001220703125,0.0,0,8.90999984741211,282.1099853515625,Joined,Others,Others,1
330,39332-TEL,Female,44,True,Telangana,6,8,,True,0,True,Fiber Optic,0,0,0,0,1,0,0,0,Month-to-Month,True,Bank Withdrawal,80.55000305175781,80.55000305175781,0.0,60,5.929999828338623,146.47999572753906,Joined,Others,Others,1
331,49304-KAR,Female,32,True,Karnataka,6,33,,True,1,True,DSL,0,0,0,0,0,0,0,1,Month-to-Month,True,Credit Card,49.79999923706055,49.79999923706055,0.0,0,3.9700000286102295,53.77000045776367,Joined,Others,Others,1
332,31129-AND,Male,68,False,Andhra Pradesh,15,15,,True,0,True,Fiber Optic,0,0,0,0,0,0,0,0,Month-to-Month,True,Bank Withdrawal,70.3499984741211,70.3499984741211,0.0,10,14.420000076293945,94.7699966430664,Joined,Others,Others,1
333,99475-KAR,Male,22,True,Karnataka,11,11,,True,0,True,DSL,0,1,0,0,0,0,0,1,Month-to-Month,False,Credit Card,51.54999923706055,106.19999694824219,0.0,0,37.220001220703125,143.4199981689453,Joined,Others,Others,1
334,55831-TAM,Male,43,False,Tamil Nadu,11,13,Deal 5,True,0,False,,No,No,No,No,No,No,No,No,Month-to-Month,False,Mailed Check,19.950000762939453,58.29999923706055,0.0,0,15.449999809265137,73.75,Joined,Others,Others,1
336,92228-BIH,Female,22,True,Bihar,10,9,,False,No,True,Cable,0,0,0,0,0,0,0,1,Month-to-Month,True,Credit Card,25.149999618530273,25.149999618530273,0.0,0,0.0,25.149999618530273,Joined,Others,Others,1
337,37131-MAH,Male,52,False,Maharashtra,6,2,,True,0,True,Fiber Optic,0,0,0,0,1,1,1,1,Month-to-Month,True,Bank Withdrawal,89.25,89.25,0.0,0,16.639999389648438,105.88999938964844,Joined,Others,Others,1
338,17597-HAR,Female,33,True,Haryana,2,6,Deal 5,False,No,True,DSL,0,1,0,0,0,0,0,1,Month-to-Month,True,Bank Withdrawal,29.850000381469727,29.850000381469727,0.0,0,0.0,29.850000381469727,Joined,Others,Others,1
339,82427-MAH,Male,36,False,Maharashtra,15,28,Deal 5,True,0,False,,No,No,No,No,No,No,No,No,Month-to-Month,False,Credit Card,19.549999237060547,19.549999237060547,0.0,0,17.940000534057617,37.4900016784668,Joined,Others,Others,1
340,28378-MAD,Female,65,False,Madhya Pradesh,12,1,Deal 5,True,0,False,,No,No,No,No,No,No,No,No,Month-to-Month,False,Bank Withdrawal,19.450000762939453,19.450000762939453,0.0,0,46.59000015258789,66.04000091552734,Joined,Others,Others,1
341,18027-UTT,Female,58,True,Uttar Pradesh,15,30,Deal 5,True,0,False,,No,No,No,No,No,No,No,No,Month-to-Month,True,Credit Card,19.899999618530273,33.70000076293945,0.0,0,7.639999866485596,41.34000015258789,Joined,Others,Others,1
342,28398-TEL,Male,59,True,Telangana,3,23,Deal 5,True,0,False,,No,No,No,No,No,No,No,No,Month-to-Month,False,Credit Card,20.0,20.0,0.0,0,25.989999771118164,45.9900016784668,Joined,Others,Others,1
343,13946-HAR,Female,41,True,Haryana,1,3,Deal 5,True,0,False,,No,No,No,No,No,No,No,No,Month-to-Month,False,Credit Card,19.649999618530273,19.649999618530273,0.0,0,23.670000076293945,43.31999969482422,Joined,Others,Others,1
344,38577-BIH,Female,30,True,Bihar,6,36,,True,0,True,DSL,0,0,0,0,0,0,0,1,Month-to-Month,True,Bank Withdrawal,44.5,90.05000305175781,0.0,0,61.7400016784668,151.7899932861328,Joined,Others,Others,1
345,83736-UTT,Male,43,True,Uttar Pradesh,1,25,,True,0,True,DSL,0,0,0,0,0,0,0,1,Month-to-Month,False,Credit Card,45.349998474121094,45.349998474121094,0.0,0,12.460000038146973,57.810001373291016,Joined,Others,Others,1
346,51657-TAM,Male,54,False,Tamil Nadu,13,16,,True,0,False,,No,No,No,No,No,No,No,No,Month-to-Month,False,Credit Card,20.850000381469727,60.650001525878906,0.0,0,58.7400016784668,119.38999938964844,Joined,Others,Others,1
347,22782-ODI,Female,50,True,Odisha,2,28,,True,0,False,,No,No,No,No,No,No,No,No,Month-to-Month,False,Credit Card,19.299999237060547,54.70000076293945,0.0,0,30.389999389648438,85.08999633789062,Joined,Others,Others,1
348,61331-UTT,Male,36,True,Uttarakhand,2,10,Deal 5,True,0,True,DSL,1,0,0,0,0,0,0,1,Month-to-Month,True,Credit Card,50.75,50.75,0.0,0,45.77000045776367,96.5199966430664,Joined,Others,Others,1
349,83440-GUJ,Male,53,False,Gujarat,4,14,,True,0,False,,No,No,No,No,No,No,No,No,Month-to-Month,False,Bank Withdrawal,20.0,49.650001525878906,0.0,0,93.18000030517578,142.8300018310547,Joined,Others,Others,1
350,23078-UTT,Female,57,True,Uttar Pradesh,3,24,,True,0,False,,No,No,No,No,No,No,No,No,Month-to-Month,True,Bank Withdrawal,20.299999237060547,20.299999237060547,0.0,0,6.639999866485596,26.940000534057617,Joined,Others,Others,1
351,53350-TEL,Male,37,True,Telangana,6,22,,True,1,True,Fiber Optic,0,0,0,0,0,0,0,1,Month-to-Month,False,Bank Withdrawal,74.5,217.4499969482422,0.0,0,20.90999984741211,238.36000061035156,Joined,Others,Others,1
352,85027-KAR,Male,57,False,Karnataka,14,27,Deal 5,True,0,False,,No,No,No,No,No,No,No,No,Month-to-Month,True,Credit Card,19.75,19.75,0.0,0,1.6100000143051147,21.360000610351562,Joined,Others,Others,1
353,53449-MAH,Female,52,False,Maharashtra,8,17,,True,0,False,,No,No,No,No,No,No,No,No,Month-to-Month,False,Credit Card,19.899999618530273,19.899999618530273,0.0,0,2.380000114440918,22.280000686645508,Joined,Others,Others,1
354,78978-UTT,Male,54,False,Uttar Pradesh,0,13,Deal 5,True,0,False,,No,No,No,No,No,No,No,No,Month-to-Month,False,Credit Card,19.299999237060547,19.299999237060547,0.0,0,16.360000610351562,35.65999984741211,Joined,Others,Others,1
355,78220-TAM,Female,21,True,Tamil Nadu,14,10,,True,0,True,Fiber Optic,0,0,1,1,1,0,1,1,Month-to-Month,True,Credit Card,89.8499984741211,244.4499969482422,0.0,0,75.30000305175781,319.75,Joined,Others,Others,1
356,85428-HAR,Female,62,True,Haryana,11,18,,True,0,False,,No,No,No,No,No,No,No,No,Month-to-Month,False,Credit Card,20.100000381469727,39.79999923706055,0.0,0,71.0,110.80000305175781,Joined,Others,Others,1
357,52641-JHA,Female,44,True,Jharkhand,7,29,,True,0,True,Fiber Optic,0,0,0,0,0,0,0,1,Month-to-Month,False,Mailed Check,71.0999984741211,71.0999984741211,0.0,0,37.5099983215332,108.61000061035156,Joined,Others,Others,1
358,68556-MAH,Male,68,False,Maharashtra,4,23,,True,0,False,,No,No,No,No,No,No,No,No,Month-to-Month,False,Credit Card,20.200000762939453,20.200000762939453,0.0,0,13.079999923706055,33.279998779296875,Joined,Others,Others,1
359,61025-MAH,Female,45,False,Maharashtra,4,16,Deal 5,True,0,True,DSL,0,0,1,0,0,0,0,1,Month-to-Month,True,Bank Withdrawal,49.849998474121094,49.849998474121094,0.0,0,42.54999923706055,92.4000015258789,Joined,Others,Others,1
360,41500-KAR,Male,31,False,Karnataka,1,31,Deal 5,True,0,False,,No,No,No,No,No,No,No,No,Month-to-Month,False,Credit Card,19.850000381469727,51.599998474121094,0.0,0,54.939998626708984,106.54000091552734,Joined,Others,Others,1
361,27461-MAD,Male,22,True,Madhya Pradesh,7,6,Deal 5,True,0,True,Cable,0,0,0,0,0,0,0,1,Month-to-Month,True,Credit Card,44.54999923706055,44.54999923706055,0.0,0,23.040000915527344,67.58999633789062,Joined,Others,Others,1
362,77311-MAD,Male,47,True,Madhya Pradesh,9,19,Deal 5,True,0,False,,No,No,No,No,No,No,No,No,Month-to-Month,False,Credit Card,20.25,20.25,0.0,0,40.459999084472656,60.709999084472656,Joined,Others,Others,1
363,29093-ASS,Male,57,True,Assam,6,6,,True,0,False,,No,No,No,No,No,No,No,No,Month-to-Month,True,Mailed Check,20.450000762939453,20.450000762939453,0.0,0,11.609999656677246,32.060001373291016,Joined,Others,Others,1
364,83817-UTT,Male,48,False,Uttar Pradesh,8,18,,True,0,False,,No,No,No,No,No,No,No,No,Month-to-Month,True,Mailed Check,21.049999237060547,21.049999237060547,0.0,0,10.140000343322754,31.190000534057617,Joined,Others,Others,1
365,38452-MAH,Female,34,False,Maharashtra,6,14,Deal 5,True,0,True,DSL,1,0,0,0,0,0,0,1,Month-to-Month,False,Bank Withdrawal,47.95000076293945,47.95000076293945,0.0,0,46.22999954223633,94.18000030517578,Joined,Others,Others,1
367,41196-MAH,Female,29,True,Maharashtra,11,10,Deal 5,True,0,True,DSL,0,0,0,0,0,0,0,0,Month-to-Month,True,Bank Withdrawal,45.0,45.0,0.0,10,40.630001068115234,95.62999725341797,Joined,Others,Others,1
368,19898-HAR,Male,31,True,Haryana,3,30,Deal 5,True,0,False,,No,No,No,No,No,No,No,No,Month-to-Month,False,Credit Card,19.450000762939453,19.450000762939453,0.0,0,29.149999618530273,48.599998474121094,Joined,Others,Others,1
369,88215-KAR,Female,19,False,Karnataka,5,10,Deal 5,True,1,True,DSL,0,0,0,0,0,0,0,1,Month-to-Month,True,Bank Withdrawal,50.04999923706055,50.04999923706055,0.0,0,43.04999923706055,93.0999984741211,Joined,Others,Others,1
370,71197-PUN,Female,38,False,Punjab,0,33,Deal 5,True,0,True,Cable,1,0,1,0,1,1,1,1,Month-to-Month,True,Bank Withdrawal,77.4000015258789,206.14999389648438,0.0,0,133.25999450683594,339.4100036621094,Joined,Others,Others,1
371,87704-GUJ,Female,38,True,Gujarat,9,24,Deal 5,True,0,False,,No,No,No,No,No,No,No,No,Two Year,False,Credit Card,20.450000762939453,20.450000762939453,0.0,0,43.81999969482422,64.2699966430664,Joined,Others,Others,1
372,65531-MAH,Female,55,False,Maharashtra,10,22,,True,0,False,,No,No,No,No,No,No,No,No,Month-to-Month,False,Credit Card,19.799999237060547,19.799999237060547,0.0,0,11.960000038146973,31.760000228881836,Joined,Others,Others,1
373,85917-TAM,Male,53,True,Tamil Nadu,7,15,Deal 5,True,0,False,,No,No,No,No,No,No,No,No,Month-to-Month,True,Credit Card,19.5,19.5,0.0,0,33.02000045776367,52.52000045776367,Joined,Others,Others,1
374,16244-UTT,Female,19,True,Uttar Pradesh,5,7,,True,0,False,,No,No,No,No,No,No,No,No,Month-to-Month,False,Credit Card,19.549999237060547,19.549999237060547,0.0,0,5.099999904632568,24.649999618530273,Joined,Others,Others,1
375,44693-UTT,Female,53,False,Uttar Pradesh,11,27,,True,0,False,,No,No,No,No,No,No,No,No,One Year,False,Credit Card,20.299999237060547,31.899999618530273,0.0,0,70.83999633789062,102.73999786376953,Joined,Others,Others,1
376,51214-MAH,Male,28,False,Maharashtra,12,22,,True,0,True,Fiber Optic,0,0,1,0,0,0,0,0,Month-to-Month,True,Credit Card,73.5999984741211,232.5,0.0,10,82.0199966430664,324.5199890136719,Joined,Others,Others,1
377,82718-TAM,Male,32,True,Tamil Nadu,12,7,,True,0,False,,No,No,No,No,No,No,No,No,Month-to-Month,False,Bank Withdrawal,20.700000762939453,20.700000762939453,0.0,0,45.86000061035156,66.55999755859375,Joined,Others,Others,1
378,67941-PUN,Female,46,False,Punjab,9,13,Deal 5,True,1,True,DSL,0,1,0,0,0,0,0,0,Month-to-Month,False,Credit Card,54.150001525878906,101.6500015258789,0.0,10,42.599998474121094,154.25,Joined,Others,Others,1
379,82965-TEL,Female,38,False,Telangana,8,20,,True,0,True,Cable,0,0,0,0,0,0,0,0,Month-to-Month,False,Credit Card,44.75,148.0500030517578,0.0,10,104.66999816894531,262.7200012207031,Joined,Others,Others,1
380,99862-BIH,Female,30,False,Bihar,12,9,Deal 5,True,0,True,Fiber Optic,0,0,0,1,0,0,0,1,Month-to-Month,False,Bank Withdrawal,74.0,74.0,0.0,0,23.700000762939453,97.69999694824219,Joined,Others,Others,1
381,81098-GUJ,Male,31,True,Gujarat,13,11,,True,0,True,DSL,1,0,0,0,0,0,0,1,Month-to-Month,False,Credit Card,51.25,51.25,0.0,0,39.29999923706055,90.55000305175781,Joined,Others,Others,1
382,41235-WES,Female,37,False,West Bengal,8,10,Deal 5,True,0,True,DSL,0,0,0,0,0,0,0,1,Month-to-Month,True,Bank Withdrawal,44.79999923706055,44.79999923706055,0.0,0,27.459999084472656,72.26000213623047,Joined,Others,Others,1
383,81235-JHA,Female,42,True,Jharkhand,9,32,Deal 5,True,0,True,DSL,0,0,0,0,0,0,0,1,Month-to-Month,True,Credit Card,44.900001525878906,44.900001525878906,0.0,0,15.760000228881836,60.65999984741211,Joined,Others,Others,1
384,34169-RAJ,Male,51,True,Rajasthan,14,30,Deal 5,True,1,False,,No,No,No,No,No,No,No,No,Month-to-Month,False,Credit Card,24.850000381469727,62.0,0.0,0,80.5,142.5,Joined,Others,Others,1
385,23148-CHH,Female,74,True,Chhattisgarh,4,9,Deal 5,True,0,True,DSL,0,0,0,0,0,0,0,1,Two Year,False,Bank Withdrawal,44.0,44.0,0.0,0,28.670000076293945,72.66999816894531,Joined,Others,Others,1
386,58044-KAR,Female,31,False,Karnataka,5,13,Deal 5,True,0,False,,No,No,No,No,No,No,No,No,Month-to-Month,False,Credit Card,20.350000381469727,41.849998474121094,0.0,0,10.84000015258789,52.689998626708984,Joined,Others,Others,1
387,75802-MAH,Female,61,False,Maharashtra,4,3,,True,0,False,,No,No,No,No,No,No,No,No,Month-to-Month,False,Credit Card,20.049999237060547,20.049999237060547,0.0,0,13.510000228881836,33.560001373291016,Joined,Others,Others,1
388,58848-PUN,Male,58,True,Punjab,14,18,,True,0,True,Cable,1,0,0,0,0,0,0,1,Month-to-Month,True,Credit Card,49.79999923706055,49.79999923706055,0.0,0,38.209999084472656,88.01000213623047,Joined,Others,Others,1
389,33565-UTT,Male,72,True,Uttar Pradesh,7,29,,True,1,True,Fiber Optic,0,0,0,0,0,0,0,1,Two Year,False,Bank Withdrawal,74.30000305175781,74.30000305175781,0.0,0,17.84000015258789,92.13999938964844,Joined,Others,Others,1
390,89154-RAJ,Female,47,False,Rajasthan,5,3,Deal 5,True,0,True,Cable,0,1,0,0,0,0,0,1,Month-to-Month,False,Credit Card,49.20000076293945,103.69999694824219,0.0,0,58.560001373291016,162.25999450683594,Joined,Others,Others,1
391,77678-JHA,Female,41,True,Jharkhand,1,29,,True,0,True,DSL,1,0,0,0,0,0,0,1,Month-to-Month,False,Bank Withdrawal,49.54999923706055,49.54999923706055,0.0,0,10.829999923706055,60.380001068115234,Joined,Others,Others,1
392,78021-UTT,Female,45,True,Uttar Pradesh,12,35,Deal 5,True,1,False,,No,No,No,No,No,No,No,No,Month-to-Month,True,Credit Card,25.0,25.0,0.0,0,3.390000104904175,28.389999389648438,Joined,Others,Others,1
393,29371-WES,Female,23,False,West Bengal,14,9,Deal 5,True,0,True,DSL,0,0,0,0,0,1,1,1,Month-to-Month,True,Bank Withdrawal,55.29999923706055,108.6500015258789,0.0,0,87.86000061035156,196.50999450683594,Joined,Others,Others,1
394,88728-UTT,Female,42,False,Uttar Pradesh,12,9,,True,0,False,,No,No,No,No,No,No,No,No,One Year,False,Credit Card,21.200000762939453,52.04999923706055,0.0,0,36.150001525878906,88.19999694824219,Joined,Others,Others,1
395,28782-PUN,Male,58,True,Punjab,8,7,Deal 5,True,0,True,DSL,0,0,0,0,0,0,0,1,Month-to-Month,True,Mailed Check,44.95000076293945,44.95000076293945,0.0,0,13.630000114440918,58.58000183105469,Joined,Others,Others,1
396,49265-BIH,Female,18,True,Bihar,4,4,Deal 5,True,0,True,Cable,1,0,1,0,0,0,1,1,Month-to-Month,False,Credit Card,55.900001525878906,157.5500030517578,0.0,0,99.83999633789062,257.3900146484375,Joined,Others,Others,1
397,84770-UTT,Female,38,True,Uttar Pradesh,2,21,,True,0,False,,No,No,No,No,No,No,No,No,Month-to-Month,False,Mailed Check,20.149999618530273,20.149999618530273,0.0,0,27.59000015258789,47.7400016784668,Joined,Others,Others,1
398,75058-TEL,Female,59,False,Telangana,6,14,,True,0,True,DSL,0,0,1,1,1,1,1,1,One Year,False,Credit Card,74.0999984741211,74.0999984741211,0.0,0,36.04999923706055,110.1500015258789,Joined,Others,Others,1
399,81169-TEL,Female,62,True,Telangana,4,2,,True,0,False,,No,No,No,No,No,No,No,No,Month-to-Month,False,Bank Withdrawal,18.850000381469727,18.850000381469727,0.0,0,7.800000190734863,26.649999618530273,Joined,Others,Others,1
400,65580-UTT,Male,54,False,Uttar Pradesh,6,2,,True,0,False,,No,No,No,No,No,No,No,No,Month-to-Month,True,Credit Card,19.100000381469727,53.04999923706055,0.0,0,48.959999084472656,102.01000213623047,Joined,Others,Others,1
402,89804-MAH,Male,34,False,Maharashtra,4,31,Deal 5,True,0,False,,No,No,No,No,No,No,No,No,Month-to-Month,False,Credit Card,19.399999618530273,50.599998474121094,0.0,0,30.31999969482422,80.91999816894531,Joined,Others,Others,1
403,74978-MAH,Female,28,True,Maharashtra,1,21,,True,0,False,,No,No,No,No,No,No,No,No,Month-to-Month,False,Bank Withdrawal,19.75,19.75,0.0,0,30.3799991607666,50.130001068115234,Joined,Others,Others,1
404,99996-HAR,Male,22,True,Haryana,2,8,Deal 5,True,0,True,DSL,1,1,0,0,0,0,1,1,Month-to-Month,True,Credit Card,53.54999923706055,53.54999923706055,0.0,0,16.059999465942383,69.61000061035156,Joined,Others,Others,1
405,21065-HAR,Male,27,False,Haryana,5,10,,True,0,False,,No,No,No,No,No,No,No,No,Month-to-Month,False,Credit Card,20.299999237060547,20.299999237060547,0.0,0,10.84000015258789,31.139999389648438,Joined,Others,Others,1
406,31412-HAR,Female,81,True,Haryana,14,29,,True,0,False,,No,No,No,No,No,No,No,No,Two Year,False,Bank Withdrawal,19.200000762939453,37.20000076293945,0.0,0,14.0600004196167,51.2599983215332,Joined,Others,Others,1
407,54997-UTT,Female,55,False,Uttar Pradesh,7,23,,True,0,True,DSL,0,0,0,0,0,0,0,1,Month-to-Month,True,Credit Card,44.0,44.0,0.0,0,26.149999618530273,70.1500015258789,Joined,Others,Others,1
408,56728-RAJ,Male,40,False,Rajasthan,0,1,,True,0,True,DSL,0,0,0,0,0,0,0,1,Month-to-Month,False,Credit Card,45.599998474121094,45.599998474121094,0.0,0,37.439998626708984,83.04000091552734,Joined,Others,Others,1
409,47624-TAM,Female,62,True,Tamil Nadu,7,29,,True,0,True,DSL,0,0,0,0,0,1,1,1,Month-to-Month,False,Mailed Check,-5.0,189.10000610351562,0.0,0,100.58999633789062,289.69000244140625,Joined,Others,Others,1
